"name","value","mtime"
"hash-policy","2","1729112251"
"content-schema","2","1729112251"
"aux-schema","2015-01-24","1729112251"
"rebuilt","2.24 [5fe7dddc6f] 2024-04-30 14:34:12 UTC","1729112251"
"admin-log","1","1729112251"
"access-log","1","1729112251"
"server-code","a98170afe2895b9ccb3152128c188ba32d13c189","1729112251"
"project-code","3a8ecf9cae33fc3de621feebc112d6a196b9df66","1729112251"
"autosync","1","1729112251"
"localauth","0","1729112251"
"timeline-plaintext","1","1729112251"
"ckout:/home/kali/git/huntress-ctf/ancient_fossil/ancient/","1","1729112265"