"type","mtime","objid","tagid","uid","bgcolor","euser","user","ecomment","comment","brief","omtime"
"ci","2460600.373284063","1","null","null","null","null","kali","null","initial empty check-in","null","2460600.373284063"
"ci","2460600.373284734","3","null","null","null","null","kali","null","OWE2NDNjMmIzZDFlMTU0N2NkOWJkNDk3ZTQ1NWMzMWIK","null","2460600.373284734"
"ci","2460600.373285104","4","null","null","null","null","kali","null","NzJhZjAwNDA4YzA3MmFmMjBkY2M2ODQyNGUxYmJkZDgK","null","2460600.373285104"
"ci","2460600.373285567","6","null","null","null","null","kali","null","MmIyNWJlMTNiNjYwOTVkNDNjMTZiZDc2NmZlZDkzNjAK","null","2460600.373285567"
"ci","2460600.373285903","7","null","null","null","null","kali","null","ODI4ODMyNTQzNDg4MWE1NTZkMTg2NGJlNGY3NzNmZjQK","null","2460600.373285903"
"ci","2460600.373286331","9","null","null","null","null","kali","null","M2M2MmNlNzk5Y2FiY2Y5ZjhjZmYwZDU1NjVlMzdjNjAK","null","2460600.373286331"
"ci","2460600.373286713","10","null","null","null","null","kali","null","MTliMTFhYzQwZDhjMDUxNDEzZWRlZDFmYTBlZWIyOTQK","null","2460600.373286713"
"ci","2460600.373287142","12","null","null","null","null","kali","null","MGU1OTkzODFkZWYyOWMxZGYwZDdiNTU5YWNhNWJhZmQK","null","2460600.373287142"
"ci","2460600.373287524","13","null","null","null","null","kali","null","NmQ1YTc5MTVjMjliYTVjOTQ1MzUwYTYzOTQwMzg2ZTQK","null","2460600.373287524"
"ci","2460600.37328794","15","null","null","null","null","kali","null","M2FmYmM4ZmUyNjYzYmRkNzMwOGFkN2VhNzIxNWYyMjcK","null","2460600.37328794"
"ci","2460600.373288287","16","null","null","null","null","kali","null","NzEzYTM2MjEzZDE2YjBkNjcwODJlNTMzM2EwNzA4OTEK","null","2460600.373288287"
"ci","2460600.373288751","18","null","null","null","null","kali","null","Zjc4ZWVkN2E4Yjg5YmNlYjQ3M2M5NjkwYmU3YjFhM2IK","null","2460600.373288751"
"ci","2460600.373289144","19","null","null","null","null","kali","null","YmNmMTFmN2MwZTVkMTk3ZWYzNjcwZGUzZWE5MjNkOTgK","null","2460600.373289144"
"ci","2460600.373289526","21","null","null","null","null","kali","null","MTc2YzAyMmUzN2UxZDQ3YWY0YzlkOGE5NmJjMjhkMWUK","null","2460600.373289526"
"ci","2460600.373289873","22","null","null","null","null","kali","null","ZjRkNzk2ODZjODI4NDNkNTM2MjhkNTFjMjJkOTNlNzYK","null","2460600.373289873"
"ci","2460600.373290301","24","null","null","null","null","kali","null","NDE2M2ZlOTA2OWZlYjk4ODZhODliMTg4NTllOGQ2YTMK","null","2460600.373290301"
"ci","2460600.373290695","25","null","null","null","null","kali","null","Y2I0ODA1OTA4ZTcwYjUxMzhhOWE5MWVhY2Y4MTM1YzIK","null","2460600.373290695"
"ci","2460600.373291123","27","null","null","null","null","kali","null","YjNkYTk3YWVhOGZkYzA4M2QzZTczNjdlM2I4NjRhZjAK","null","2460600.373291123"
"ci","2460600.373291424","28","null","null","null","null","kali","null","OWI2ZWVmNjljZjI4MTIzZDU5YzJlMTU2YTRmZDk5NzUK","null","2460600.373291424"
"ci","2460600.373291829","30","null","null","null","null","kali","null","NGQwNDgyNjQ2ZjhmNGQyZmY4MmM2NGMwNTc0NGRkMTEK","null","2460600.373291829"
"ci","2460600.373292176","31","null","null","null","null","kali","null","NTVlZTM1ZWQwNGVmZjliMWZkZjdiYzhmMjgyNTAyZGMK","null","2460600.373292176"
"ci","2460600.373292593","33","null","null","null","null","kali","null","YTAyMjAyMjdjOGMwZWFlN2U4ZDA2M2NmMDkzYjllNWYK","null","2460600.373292593"
"ci","2460600.373292963","34","null","null","null","null","kali","null","ZTYwNDM0MmJlNzY1ZDFjOGQ2ZDdjNWVjNDczNjM4OTYK","null","2460600.373292963"
"ci","2460600.37329338","36","null","null","null","null","kali","null","MTFjZmQwOWJhZDdkNTdiNTVkNjU1OTgwYTMxNTBlOWYK","null","2460600.37329338"
"ci","2460600.373293739","37","null","null","null","null","kali","null","MjczNjhmNzk4ODlmMzYxOTQwZWI1NzIxMTM0ZjZhOTQK","null","2460600.373293739"
"ci","2460600.373294144","39","null","null","null","null","kali","null","MTBlYzYxYmUyNDFhNmQ1NTljZGZiNDJkMWVlOTc5ZjAK","null","2460600.373294144"
"ci","2460600.373294503","40","null","null","null","null","kali","null","MWIxY2YzNGIyMWY0MGMzYzFmMjBkNTNlNjhiMDlmYjQK","null","2460600.373294503"
"ci","2460600.373294919","42","null","null","null","null","kali","null","ZTdlNGE0MWYyZmYxNGUyYjg0NTMzMWFmOWE5Y2Y0YzkK","null","2460600.373294919"
"ci","2460600.373295301","43","null","null","null","null","kali","null","OWU3MTc1Y2JjYzVmZThjOWQ1NmQzYmM3NTdkNTRiOGEK","null","2460600.373295301"
"ci","2460600.373295753","45","null","null","null","null","kali","null","NDVkMzhhYzQ3MDZjYjU2YTlmZDFjN2M3Y2Q4ZGIyNGIK","null","2460600.373295753"
"ci","2460600.373296111","46","null","null","null","null","kali","null","OTY2MGU5YWQ5MDMzZDA3NTQ1ZGY0MDg0NDg3YjAyMTQK","null","2460600.373296111"
"ci","2460600.373296494","48","null","null","null","null","kali","null","ZjA4YjdlNmY5ZGM5NzU0MjdmYzFhZjRiOTZlZDhiYmQK","null","2460600.373296494"
"ci","2460600.373296818","49","null","null","null","null","kali","null","MGM3ZTU3MWJhMTA0NDE1ZDI0MzZlODEyYTdjYTRhMGEK","null","2460600.373296818"
"ci","2460600.373297246","51","null","null","null","null","kali","null","ODJjNWNlMmIxM2UzZTRjOTFiM2ZlODZlNzZjMTYzMTEK","null","2460600.373297246"
"ci","2460600.373297593","52","null","null","null","null","kali","null","ZDAwYTU4ODU1YzA5MTY0ZDFiMDY2M2Y5NTlhYjc5YmYK","null","2460600.373297593"
"ci","2460600.373298068","54","null","null","null","null","kali","null","YjZkMzRkOGQ1NDZlZDVhMDU1NTg4MmM3NDllYzZkNzkK","null","2460600.373298068"
"ci","2460600.373298438","55","null","null","null","null","kali","null","MDE2MjVjMThiOGE0NzVjM2I4NDkxMzY1NjE3NDMxN2QK","null","2460600.373298438"
"ci","2460600.373298843","57","null","null","null","null","kali","null","OGMyMzZiM2Y5ZWIwMWIyMzlmYjY1YzA0YzEzNzI0ZWMK","null","2460600.373298843"
"ci","2460600.37329919","58","null","null","null","null","kali","null","MDgyOGVjZDYzNWFhYjc0YTYwMDgyYmQ4MGRlYjA3M2MK","null","2460600.37329919"
"ci","2460600.373299619","60","null","null","null","null","kali","null","MDc1YzE2MTIyNzQ0YzQ3Y2UwMjFiYTFkMmQ0MDg5YjkK","null","2460600.373299619"
"ci","2460600.373299977","61","null","null","null","null","kali","null","Mzg1M2U0MzRmYmEzNmQ0NmRkYmU1MDRiMDQzMmIxMmMK","null","2460600.373299977"
"ci","2460600.373300406","63","null","null","null","null","kali","null","NWU1ZGRiYmJhZTZmZjBlZWJiYTkyM2JmM2FkOTE0YWEK","null","2460600.373300406"
"ci","2460600.373300753","64","null","null","null","null","kali","null","MWQ3MjhlYzU4MWFmMjBmMDZmMjg4MWJiYzkwNjc3ZTIK","null","2460600.373300753"
"ci","2460600.373301181","66","null","null","null","null","kali","null","M2RlZWU1MWRkMmJjYmY1YWYwZGQwODEyZmY2MTE3MmMK","null","2460600.373301181"
"ci","2460600.37330154","67","null","null","null","null","kali","null","ODNjNTMxOWU0NTgxOTkxYzdlOTlkYTE0NDEzNmFiNGIK","null","2460600.37330154"
"ci","2460600.373301933","69","null","null","null","null","kali","null","NzVkMTE4OGQ5YzAwZmUxNWY5NDM0NmUwYjJhYzQzMGMK","null","2460600.373301933"
"ci","2460600.373302258","70","null","null","null","null","kali","null","NWU5NTUyNmVhZDExMDc2MzkzOWRlNTI3OThmZDllZmYK","null","2460600.373302258"
"ci","2460600.373302709","72","null","null","null","null","kali","null","M2FjMjFmOTY4YWIzZjczMWZkODRiNGM0ODA3OWM4ZjMK","null","2460600.373302709"
"ci","2460600.373303067","73","null","null","null","null","kali","null","YWQ5ZTU2ZGZiNDNlYjk4MzhkNWVjN2ViYzdkYTc0ZGUK","null","2460600.373303067"
"ci","2460600.373303484","75","null","null","null","null","kali","null","YmNjYmMzNmFlZDJiZWZjNjdmNDc4NzJiNjM3MjhhYTIK","null","2460600.373303484"
"ci","2460600.373303843","76","null","null","null","null","kali","null","MzU2NzA0YjI1ZTliZDZiMzlhNzlmNTcxZmEzZDhmNTgK","null","2460600.373303843"
"ci","2460600.373304237","78","null","null","null","null","kali","null","Yzk0ZWY1MTRlNzc3Y2M5ODM3MTJlOWI4ODMwMDNiZTcK","null","2460600.373304237"
"ci","2460600.373304572","79","null","null","null","null","kali","null","MmYxZTZmMmY4ZmFhNzBlZmViOGFhOWUzMDM5MThlNTEK","null","2460600.373304572"
"ci","2460600.373305058","81","null","null","null","null","kali","null","NTNkZGEzMzc2MzNiODc4ZDUzMTI5MzdkOGFkM2E1ZjQK","null","2460600.373305058"
"ci","2460600.373305475","82","null","null","null","null","kali","null","NzAwZjA1ZjI1MWE2NDgwYWE5YzFiMDNhYjlmNGQzMGMK","null","2460600.373305475"
"ci","2460600.373305903","84","null","null","null","null","kali","null","MTQwNzdhZjllOGI2NzcyNWY3MDk4MGMwNjQ3MWVjZTgK","null","2460600.373305903"
"ci","2460600.373306251","85","null","null","null","null","kali","null","NzJmYTI2ZmRjN2U1Yjc3MTQwMDFhNWY4NDJjYjVjMzkK","null","2460600.373306251"
"ci","2460600.373306679","87","null","null","null","null","kali","null","YTQ4MTU2OGIxZDI1YmVjZDFjMzNhYzAyODFkODE4OWMK","null","2460600.373306679"
"ci","2460600.373307038","88","null","null","null","null","kali","null","YWI1ZmI3YjFmNjdmMzAyMDljYTBjNWEzNDRmNDU3MzYK","null","2460600.373307038"
"ci","2460600.373307489","90","null","null","null","null","kali","null","NTNkMWQ2ZGIwYzc2ZWEwY2ZhZGJkZGE0OGUzOTNmZWMK","null","2460600.373307489"
"ci","2460600.373307813","91","null","null","null","null","kali","null","NGZiNTRjYTg4ZmIzZmIxYTUyMjhlYjk5ZDgwMjdlMTAK","null","2460600.373307813"
"ci","2460600.373308253","93","null","null","null","null","kali","null","ZWVkMGIyODkwMzc1MmI4ZTIzOWQ3OGVhYjFkMzEwMTIK","null","2460600.373308253"
"ci","2460600.373308623","94","null","null","null","null","kali","null","OTBiNjc5ZDc5MzMzZDE5YTQwN2E4NzA5MjUwMDVjOTUK","null","2460600.373308623"
"ci","2460600.373309074","96","null","null","null","null","kali","null","NWE5MTM5YzhmMWJmYWE2ZThjZDdkY2U2MWIxZTg3MzEK","null","2460600.373309074"
"ci","2460600.373309433","97","null","null","null","null","kali","null","MGRhYjA4NzE2MmNjYTMxMmM0ZDg5ZTNmMjdkYjA1YmUK","null","2460600.373309433"
"ci","2460600.373309896","99","null","null","null","null","kali","null","Mjg5ZTkzZDIyYTk2Y2VlOGJjZmQ0NTJhMjJiMTZkYWMK","null","2460600.373309896"
"ci","2460600.373310244","100","null","null","null","null","kali","null","OTRhYTIyYjM0Zjk4ZmQ2NGFlYWRiYjZiNGRmNDE4ZDAK","null","2460600.373310244"
"ci","2460600.373310649","102","null","null","null","null","kali","null","MjU2MmM5YjU2NTc3MjY5ZDU3NGY0ZWJhMDY2M2EzMzAK","null","2460600.373310649"
"ci","2460600.373311019","103","null","null","null","null","kali","null","MTdmNDQ2MGJhMWE4ODY5NDI1NGM5NWY5MjdkYTYyNWQK","null","2460600.373311019"
"ci","2460600.373311424","105","null","null","null","null","kali","null","ZDY3YjkyN2IwZTZmODUwM2QxNTZlNDE4ZTllMDE0NzIK","null","2460600.373311424"
"ci","2460600.373311771","106","null","null","null","null","kali","null","NWE0ZmY5M2YxZThlYjI3ZjVkY2E1ZWQ0ZDAzMGJiYjgK","null","2460600.373311771"
"ci","2460600.373312188","108","null","null","null","null","kali","null","NDNmYTgxMWY3ZmJkNDUzN2U1ODgwMTE4MTNlYTM3M2MK","null","2460600.373312188"
"ci","2460600.373312605","109","null","null","null","null","kali","null","OGVjMzgwODlkZWMyMzI4MmY0ODBlMTg1ZTY3ZDRmODQK","null","2460600.373312605"
"ci","2460600.373312986","111","null","null","null","null","kali","null","NmNlYTg4OTlmMmUwNThmNDY0OTI0N2QyMzFlMTU2NDcK","null","2460600.373312986"
"ci","2460600.373313391","112","null","null","null","null","kali","null","MzU0N2RkZjczOTRiMWRlMWFlMzZmZTYxMzlhMDE5YWQK","null","2460600.373313391"
"ci","2460600.373313797","114","null","null","null","null","kali","null","YWY3NzBiODYzZDY2MjJlODdhYmUwYWZmNWI0ZTUyMDIK","null","2460600.373313797"
"ci","2460600.373314132","115","null","null","null","null","kali","null","MWI3OTE5NDExNzk2NDg1YTU5NmI4Y2YzZTFlMWYyYTUK","null","2460600.373314132"
"ci","2460600.373314549","117","null","null","null","null","kali","null","MzlmNGI0NDEzNjI5MjliNmQ1NDI0OGU0OWY1YTgzYmMK","null","2460600.373314549"
"ci","2460600.373314896","118","null","null","null","null","kali","null","MjNlODYwM2NkYjg1MTk0MDEwMzg1NGMzNmM2M2FjNTEK","null","2460600.373314896"
"ci","2460600.373315313","120","null","null","null","null","kali","null","MmQ5MGE2Y2ZkY2QzYjZhMmZiYjY3Y2RmNWE2MzMwYjIK","null","2460600.373315313"
"ci","2460600.373315706","121","null","null","null","null","kali","null","NzQzYzg2NWEzZWUyODQzNDRhZjYwNmY2Y2VlYmVhNDkK","null","2460600.373315706"
"ci","2460600.3733161","123","null","null","null","null","kali","null","YzM4MjY4NGIyNTI3OThlOTQ0NDRmMmQ2NzhmNjE2MDYK","null","2460600.3733161"
"ci","2460600.37331647","124","null","null","null","null","kali","null","MzZiZTRiMjYwNWIyMDMxZDgzOWM2YTI4NzJhZWFjOWUK","null","2460600.37331647"
"ci","2460600.373316876","126","null","null","null","null","kali","null","NGIxMDAwN2JkYTBiNWM4NDIwYTZmZTA0OGQ1NzIxYmMK","null","2460600.373316876"
"ci","2460600.373317222","127","null","null","null","null","kali","null","MTA0NjgxMGEwZjc2ZmNlMzczMGQwOTQzMzZmMjc2OGEK","null","2460600.373317222"
"ci","2460600.373317616","129","null","null","null","null","kali","null","NDg3ZjdkNTc3ZTU2NzUzMjRlMTE3ZmM4ZDJhZDkzMDYK","null","2460600.373317616"
"ci","2460600.373317975","130","null","null","null","null","kali","null","NmM0MDBiYWVjMTVlZDljY2ViY2JjZmQ0MDQyODY4ZjgK","null","2460600.373317975"
"ci","2460600.37331838","132","null","null","null","null","kali","null","MWViNjRjNDQ0MTgwNDdiOTMwMzM5NTkwZjdkYmIwYTUK","null","2460600.37331838"
"ci","2460600.37331875","133","null","null","null","null","kali","null","ZjE0Mjc4Zjc1YmRkYzJkYzU3NzNiZTM5ZDhiNGYwNjEK","null","2460600.37331875"
"ci","2460600.37331919","135","null","null","null","null","kali","null","NTlkOGU3ODJjOGVhNzE2YzBhNTM3OTMxOGI3NzE2ZDEK","null","2460600.37331919"
"ci","2460600.373319514","136","null","null","null","null","kali","null","ODQ1NDQwNjVhNmJkZDk4MTkzZTFkNDJmM2U5NjZmZjAK","null","2460600.373319514"
"ci","2460600.373319919","138","null","null","null","null","kali","null","ZGI4YTI0NzQ2ZDc2Mzk4ZmUzMzQ0NTBmMzFlNjg4NWEK","null","2460600.373319919"
"ci","2460600.37332029","139","null","null","null","null","kali","null","NTExNjhiOTNlMmUzYTAxZmFhNTU0OWJjMzRmYTM3ZjkK","null","2460600.37332029"
"ci","2460600.373320672","141","null","null","null","null","kali","null","NWYyZTZlZDBiMmRiMGMwYTNhOTUzYjQzOWExZjhmMGIK","null","2460600.373320672"
"ci","2460600.373320984","142","null","null","null","null","kali","null","MjZhYmY1ZmFlYjVlMjI4MmRkZDUwZjhmZWU3MzUxMjMK","null","2460600.373320984"
"ci","2460600.373321401","144","null","null","null","null","kali","null","NWI4YzlmZDhiMTAzOTIyZjRmOTg3YWFhYWNmZjZjMzYK","null","2460600.373321401"
"ci","2460600.373321771","145","null","null","null","null","kali","null","Y2Y3ZDIxZmNjYzUxNDU3YjgxNDdiMjIyYmI1YzU0M2IK","null","2460600.373321771"
"ci","2460600.373322165","147","null","null","null","null","kali","null","MDUzYjg2NDkwOTdiODUwNGJmOGNjOTdmYzVkODI5NmUK","null","2460600.373322165"
"ci","2460600.373322512","148","null","null","null","null","kali","null","NDgyYzRhNjhiNGY4MDM3ODlhYzE2MzE4MTczOTMzMWQK","null","2460600.373322512"
"ci","2460600.37332294","150","null","null","null","null","kali","null","YzA4OTdiY2IxMDY2ZDJmNTE3NDQwMGMxNTkxY2VkMjMK","null","2460600.37332294"
"ci","2460600.373323311","151","null","null","null","null","kali","null","NzRjZTA1ZjMwMjM3MmU5NGU0MTkzNTA2NWVlOWExOGQK","null","2460600.373323311"
"ci","2460600.373323727","153","null","null","null","null","kali","null","ZDgxN2NjNGYzNGRhODI2YzQ0YzQ2YjY1ZDYxYmVmOTcK","null","2460600.373323727"
"ci","2460600.373324063","154","null","null","null","null","kali","null","ODIyN2JkMzJlM2Y4OTMzOTZhNWIyZGNhZmRiYjU3NzMK","null","2460600.373324063"
"ci","2460600.373324468","156","null","null","null","null","kali","null","MmZmZWE3MDQzZDY3Yzk5OTI5OGJhN2ZhYTg5ZTk5MTcK","null","2460600.373324468"
"ci","2460600.373324803","157","null","null","null","null","kali","null","NTI5MGE5M2NlNGM2MzZhYzBkYzIwNmE4ZDM5NGU5NTQK","null","2460600.373324803"
"ci","2460600.373325197","159","null","null","null","null","kali","null","MmJjZmQ2MjcyMzVlNTYwNTViNzU2NmM1YzFlYWIxYzIK","null","2460600.373325197"
"ci","2460600.373325533","160","null","null","null","null","kali","null","MDA3NjVjZTM3NDNlOTBlODRiY2U5ODMwNjQ5NWVlZWIK","null","2460600.373325533"
"ci","2460600.373325938","162","null","null","null","null","kali","null","MjNmMTQ3YzRmNDNkMDE5NDU4NmE2Y2M1MDQwZTE2NjUK","null","2460600.373325938"
"ci","2460600.373326308","163","null","null","null","null","kali","null","NzBjMDJmYjI4NTZkNDAyMjQyMTM0Zjc1MzU1YTBiNjcK","null","2460600.373326308"
"ci","2460600.37332669","165","null","null","null","null","kali","null","ZTNlOTk5ZjY0ZGFkYzI2NzgxNDk3ZDY1YmNhNGQwYjkK","null","2460600.37332669"
"ci","2460600.373327049","166","null","null","null","null","kali","null","ZjRkNWI4NmRjM2FlNGMyODZiNjYzMDkwZWI3MTI0YjAK","null","2460600.373327049"
"ci","2460600.373327477","168","null","null","null","null","kali","null","NGQwYWFmZTBmM2FmZWU4MmU0OTZkMDA4YmUwNzM5NDUK","null","2460600.373327477"
"ci","2460600.373327825","169","null","null","null","null","kali","null","MjQ4ZjEzOTkyMDU0MzNhOTAzOTU2ZTk5YWEyYTliMzUK","null","2460600.373327825"
"ci","2460600.373328218","171","null","null","null","null","kali","null","YjJmZjdhOTVkOGVmNjNlNTBjZDM3YTY0ZjRiODlhNDYK","null","2460600.373328218"
"ci","2460600.373328565","172","null","null","null","null","kali","null","YWFmNjU1NmQ3MmZlZTAwZWYzNDljZTVhYWJhZWQ2NTQK","null","2460600.373328565"
"ci","2460600.373328993","174","null","null","null","null","kali","null","NGEyYzRmNzFjYTVlZjdhNTEzOTJlNjllOTI0ZTBhN2EK","null","2460600.373328993"
"ci","2460600.373329422","175","null","null","null","null","kali","null","MzI0NTk1NWRhYmIwOWQ4Yjk2NTA1NGY5NTRmYjYwMDYK","null","2460600.373329422"
"ci","2460600.373329815","177","null","null","null","null","kali","null","NzE3OWJhOWEwYTZlN2MyZWZhYzcyYmQ3YjIwYzgxYWIK","null","2460600.373329815"
"ci","2460600.373330186","178","null","null","null","null","kali","null","ZDRhYjhlN2U3NDYwZTVhMWE1NzZkYzc1MzJhZDUyMmEK","null","2460600.373330186"
"ci","2460600.373330602","180","null","null","null","null","kali","null","YjBhMTlmZWIxNDA3NDVmOTkwY2QzMzM1ZTRlYzRkNmYK","null","2460600.373330602"
"ci","2460600.373330949","181","null","null","null","null","kali","null","MjI0MjRlOTI1ZGI5ZDQ2MTlmMDAzMWY1MjcwNTc1NTkK","null","2460600.373330949"
"ci","2460600.373331389","183","null","null","null","null","kali","null","MzI4Yzg1ZTM5NDExNmM4N2IxOGI0ZmNjYWRlMTVjMDcK","null","2460600.373331389"
"ci","2460600.373331702","184","null","null","null","null","kali","null","MGQ0MzVmMWU4YmFlZDE2YzM5ZDY5ODI5YjU3NmIwZWMK","null","2460600.373331702"
"ci","2460600.373332107","186","null","null","null","null","kali","null","YjE4Y2NlZDQ4YTI4MTMxOGJlZWZhNTUzMzMxMDk2MzEK","null","2460600.373332107"
"ci","2460600.373332465","187","null","null","null","null","kali","null","MjQ2N2M5ZWE5ODdhZjNlM2E4MTNkMjJkNDRlOGFiYjUK","null","2460600.373332465"
"ci","2460600.373332882","189","null","null","null","null","kali","null","MzJiMDE0M2VmODA2ODIzYTgwYWJlNWZkZjJhZjljMGMK","null","2460600.373332882"
"ci","2460600.373333253","190","null","null","null","null","kali","null","MDYyY2I0ZmFkODc5NDBhY2EyNTI2NmFiMTZiNTFjNjUK","null","2460600.373333253"
"ci","2460600.373333669","192","null","null","null","null","kali","null","MTgyOTU1NmQwMDBhMjVhZTBlZTM1Mzk2YjYzZjAxZTYK","null","2460600.373333669"
"ci","2460600.373334017","193","null","null","null","null","kali","null","ODUyMDIzMjE0MjRhMzA4MjBlOGExMmI5OTRkOTJhYWYK","null","2460600.373334017"
"ci","2460600.373334422","195","null","null","null","null","kali","null","N2Y4MWQ3ZjlmMGJiNzc0ODZmYWU5YmUwMzI4ZmVlYTUK","null","2460600.373334422"
"ci","2460600.373334804","196","null","null","null","null","kali","null","Yjc3M2NlODA1OThlY2JmZWI0MWI0YTkyMmFkMDA2M2YK","null","2460600.373334804"
"ci","2460600.37333522","198","null","null","null","null","kali","null","NzU1ZjE1YzAyMTYwYjA4YmUwOTA4NzdkYjIyYWZjZTIK","null","2460600.37333522"
"ci","2460600.373335556","199","null","null","null","null","kali","null","MzE1NWE4YTQ4MDAxMmExNWM5OTA4ZDQ1Yjg4YjgyZDMK","null","2460600.373335556"
"ci","2460600.373335973","201","null","null","null","null","kali","null","ZmZkN2FlZGE5NDBlNDg3YWRjZTllOTQ1NjBmNTVhZGUK","null","2460600.373335973"
"ci","2460600.373336331","202","null","null","null","null","kali","null","OGNhZGQxYTk0MzEyZGY1YjQ5NzgzYzkzY2VkYTE2YzkK","null","2460600.373336331"
"ci","2460600.373336725","204","null","null","null","null","kali","null","MDQxYTU5ZWM2ODcwYjVmMGI1YWVkNjg1NzYzOTJiY2UK","null","2460600.373336725"
"ci","2460600.373337096","205","null","null","null","null","kali","null","ZTNiNDFlZGE3Yjg1MTk0MDM2MDQ0NzQzNjQ2NTY5OWMK","null","2460600.373337096"
"ci","2460600.373337523","207","null","null","null","null","kali","null","NzFkMGNhMjE0MjZkNDkwYzI1ODg1NTcwN2FhMTczZDYK","null","2460600.373337523"
"ci","2460600.373337882","208","null","null","null","null","kali","null","NzE4ZjBmYTIyYjVmMTE5ODQ1ZDQ2MTBhNDM1NmIxYTUK","null","2460600.373337882"
"ci","2460600.37333831","210","null","null","null","null","kali","null","Zjg2ZjgyYmQwMmJlMGEyOGQwYTE5ZThjZjNiZDFlZjcK","null","2460600.37333831"
"ci","2460600.373338669","211","null","null","null","null","kali","null","Mzk3YTY1OGZhNDk0ZTRiYmViZTVlNjEwOGFkYWJiNWMK","null","2460600.373338669"
"ci","2460600.373339086","213","null","null","null","null","kali","null","Mjk1ODYwNWQ3ZmJhN2VjMGQ3YmY3OTc4YmI2ZjI1MDYK","null","2460600.373339086"
"ci","2460600.373339456","214","null","null","null","null","kali","null","ZGI4NTY1MWMwMGYyZGY5YTdhOWQxYmVkZjIyMzQ2ZDYK","null","2460600.373339456"
"ci","2460600.373339896","216","null","null","null","null","kali","null","YWZiZWUyZWYxMDM5ZDU5YjFmYjRhNThhNWNjODQ1ODgK","null","2460600.373339896"
"ci","2460600.373340243","217","null","null","null","null","kali","null","ODc5NTQ3MTVkMmZkMGViZWE0ODMzOGVhZDE5YzQ1MmUK","null","2460600.373340243"
"ci","2460600.373340672","219","null","null","null","null","kali","null","NTJjOGExMmNjMDc3OTQ5ODVhY2I1MDdhNzViZGJhYmMK","null","2460600.373340672"
"ci","2460600.373341019","220","null","null","null","null","kali","null","ZDg0YWVmNzA2NmI2Y2M4MDliNDY0MzZlNDA0NjNlN2IK","null","2460600.373341019"
"ci","2460600.373341424","222","null","null","null","null","kali","null","NjIzZGU3MWVkMjlkMDFkNjhjN2Q0MGFmNjM0NGU2MTkK","null","2460600.373341424"
"ci","2460600.373341771","223","null","null","null","null","kali","null","OTU5MjY0MjcyZGFlNjExZDAxZmQ3MTk0ZDRjNzZhNmMK","null","2460600.373341771"
"ci","2460600.373342153","225","null","null","null","null","kali","null","ZTVlZjg0NjQxMDUzMmU0ODM3MDVhMzMwOGY2ZjIxZDUK","null","2460600.373342153"
"ci","2460600.373342535","226","null","null","null","null","kali","null","ODc0NzI4MWQ1NDA5MjFmMWYxZmJjMmJjOTNiYzcxMTcK","null","2460600.373342535"
"ci","2460600.373342928","228","null","null","null","null","kali","null","NTdmN2M3ODdjNzlkNWU2MzQxNjZlNTY0Y2M2YWRhNTcK","null","2460600.373342928"
"ci","2460600.373343299","229","null","null","null","null","kali","null","Zjk3M2Q4NmYxMGRkNzA2ZTRjODJkNGEwNGU2NGU4YzEK","null","2460600.373343299"
"ci","2460600.373343727","231","null","null","null","null","kali","null","NTE2NDkyYTA4NWY0YTg4MDNmOTQyNWZkODczMGZhN2YK","null","2460600.373343727"
"ci","2460600.373344074","232","null","null","null","null","kali","null","MjI4ZDc0OTlmMDdjMzY4NTZhZjZlODdkN2MxNGFjYjgK","null","2460600.373344074"
"ci","2460600.373344549","234","null","null","null","null","kali","null","YTg5NTkzYjlkZWEzNWEzYTU1NjlkNzUxNzMwNjBmNTcK","null","2460600.373344549"
"ci","2460600.37334492","235","null","null","null","null","kali","null","NTYzYTk2NzNkOWE2NDkxMzU1NDJjMjc3MzliMGU5ZjIK","null","2460600.37334492"
"ci","2460600.373345336","237","null","null","null","null","kali","null","MmZhYjI0N2NhZmMxYTI5OTlmNDgxZDlkZGRjNTU0NDgK","null","2460600.373345336"
"ci","2460600.37334566","238","null","null","null","null","kali","null","NjQ4YTkxNDI0OTYyZjI2YWIxMTRkOWYzZjFjNmQ5MzYK","null","2460600.37334566"
"ci","2460600.373346077","240","null","null","null","null","kali","null","YWViMTI3MjhiNTQ3MjI0ZGVlNDZhNTNiZjExZDYzN2YK","null","2460600.373346077"
"ci","2460600.373346401","241","null","null","null","null","kali","null","ZmI2OTNmOTY5MTlkODFiOWM1NjRlMzAyMmU5OWQwNmMK","null","2460600.373346401"
"ci","2460600.373346818","243","null","null","null","null","kali","null","ZWY0MTU5NjRkYjlmY2RjMDIzOTBiN2Y0ZThkNDNiYjEK","null","2460600.373346818"
"ci","2460600.373347176","244","null","null","null","null","kali","null","ODgzNTEyOGY2Njc5MDA0M2ZkMDA0ZDc1YmIxMjA5NDUK","null","2460600.373347176"
"ci","2460600.373347581","246","null","null","null","null","kali","null","YWViOGM2ZTRlOGIzNWRhMDg2YjlmYzJmNjhlNmNlM2MK","null","2460600.373347581"
"ci","2460600.373347952","247","null","null","null","null","kali","null","N2YxYTY2ODc1OTg2YjM5MDY5YjRkMzg3MjZjNzY2M2QK","null","2460600.373347952"
"ci","2460600.373348415","249","null","null","null","null","kali","null","MTMwYTViM2RlNWE4OWM5OTc5YWUxMjkwZjIxZGYxZDQK","null","2460600.373348415"
"ci","2460600.373348785","250","null","null","null","null","kali","null","OThlMTczYTZjNzAyMTVkMmU1YmMyYmQxMDhmZWE0NmMK","null","2460600.373348785"
"ci","2460600.37334919","252","null","null","null","null","kali","null","ZTZiYTA5YzA0MGQyZTc3NTBjOWExNWM5ZWYyYTk0MzgK","null","2460600.37334919"
"ci","2460600.373349538","253","null","null","null","null","kali","null","OTlhOTBlMjA0YmI5M2JjYzU5YzBmYjQ0ZjFmNjUxNmEK","null","2460600.373349538"
"ci","2460600.373349965","255","null","null","null","null","kali","null","NjMxMzIyMzMzYzU3OGFiMzFjMzFmNDMzN2U3Yjg0NmYK","null","2460600.373349965"
"ci","2460600.373350348","256","null","null","null","null","kali","null","NWI1NDg4ZDY1NjNhZGRhNjNlOTkwYTJhYWRlMGJhZTcK","null","2460600.373350348"
"ci","2460600.373350741","258","null","null","null","null","kali","null","NWExNjk0NmUxNGI4NDgzYjViNjNmMjc1YjJhNDc1NmQK","null","2460600.373350741"
"ci","2460600.373351077","259","null","null","null","null","kali","null","Y2VmZGRkZjMxYjUxZDk2OGUzYzlhY2Q3NjgyY2EyNjEK","null","2460600.373351077"
"ci","2460600.373351517","261","null","null","null","null","kali","null","MDRiYTI0ZTM0MzlkMTJmZmI4MDhlOTBlY2RlY2NlYTgK","null","2460600.373351517"
"ci","2460600.373351864","262","null","null","null","null","kali","null","M2UzYWZmY2ZiNjFmYTBiMzNhMTFjZGI4NGIyNTZhMzUK","null","2460600.373351864"
"ci","2460600.373352269","264","null","null","null","null","kali","null","NjQ1N2ExNzMxMTVhM2JkOWFkODVkY2U2OTJhMGZmYzkK","null","2460600.373352269"
"ci","2460600.373352651","265","null","null","null","null","kali","null","YjNiNWI5OTM2MzEwMmJiZDk0MDc0YWM3MTNhNDE3ODcK","null","2460600.373352651"
"ci","2460600.373353044","267","null","null","null","null","kali","null","YTc0N2Q2ZGU3M2UwYWNkZTJlYTFmOGYwMDg0YjdjMTkK","null","2460600.373353044"
"ci","2460600.373353438","268","null","null","null","null","kali","null","OTI0NjBkNTNhNDEzMWY0ZDY3ZGIyOGZlN2VjYTNlN2QK","null","2460600.373353438"
"ci","2460600.373353843","270","null","null","null","null","kali","null","ZTVkZWQzYzhiNDkwMmIxZTRiMzhiZTcyZjI5YmE4ZmMK","null","2460600.373353843"
"ci","2460600.373354213","271","null","null","null","null","kali","null","NzE4NTk0MDQ0OGVmNGQyYTgzNzdiNzhlY2Y5MjliYjQK","null","2460600.373354213"
"ci","2460600.373354618","273","null","null","null","null","kali","null","YzRlYTRkZjVhMDI0OTgyZDYyODAzNjQ0NzI5MGJjZGMK","null","2460600.373354618"
"ci","2460600.373354977","274","null","null","null","null","kali","null","MGY4ZTViOGU5MjlhMTU4ZjRhYzEzMjcxZDNhNzQwMGUK","null","2460600.373354977"
"ci","2460600.373355382","276","null","null","null","null","kali","null","Y2MyY2E2MmZlOWM5NzY4NTA4MjliYjIxZGZjNDA1MWUK","null","2460600.373355382"
"ci","2460600.373355729","277","null","null","null","null","kali","null","Y2IyMDFlYjg5NzlhMTJkMGIwYjg5MmRlOWY2ODY0YzkK","null","2460600.373355729"
"ci","2460600.373356169","279","null","null","null","null","kali","null","ODc3YjEwYWUzODRiYWMzOWIzYWU4ODhjYTQ0YjkyYWUK","null","2460600.373356169"
"ci","2460600.373356551","280","null","null","null","null","kali","null","OWQwNjJlYTMxOTZjNTlhM2NhZGFkMzhhNmYwOTc5MzQK","null","2460600.373356551"
"ci","2460600.373356945","282","null","null","null","null","kali","null","MmVkMTAwODUxOTU5ZmZjZmUzMTNjNzNmZmM3OTgxYTUK","null","2460600.373356945"
"ci","2460600.373357327","283","null","null","null","null","kali","null","ZDY4ZDNmNjFlOWFkYzlkNTFhOGExMjA0N2I0MjhiMzAK","null","2460600.373357327"
"ci","2460600.373357778","285","null","null","null","null","kali","null","MjQ0ZWQ5OWJkMGFkNmM1OWI2MTQ3YzAwMjAwNmYwNmIK","null","2460600.373357778"
"ci","2460600.373358114","286","null","null","null","null","kali","null","ZWU3MGQyZWI3MTFkY2FhOTQzYjEyMzc2MzgzNmI3OTAK","null","2460600.373358114"
"ci","2460600.37335853","288","null","null","null","null","kali","null","YmY1MjE5NDVhYmY3OWY2YjJmZGFiODYyNTczZjZiNTkK","null","2460600.37335853"
"ci","2460600.373358831","289","null","null","null","null","kali","null","MjExZGVhM2Q3Y2IyODljYzQxZjcwMmE1NjQwMDM1MDkK","null","2460600.373358831"
"ci","2460600.37335926","291","null","null","null","null","kali","null","OGYxNzJjZWFiMzRkMWUzMGM0MjI5MWU3M2M0YzQ5MzQK","null","2460600.37335926"
"ci","2460600.373359595","292","null","null","null","null","kali","null","ZGMyNjU1YjFlMDIxY2UyNmZlYTA1NTAzNTBmNTM0OGIK","null","2460600.373359595"
"ci","2460600.373360035","294","null","null","null","null","kali","null","MWY0YmFkMTA0MGM1NjMyMmI5YTUwNDJmYTEzODAwYmMK","null","2460600.373360035"
"ci","2460600.373360406","295","null","null","null","null","kali","null","ZWFjN2I3YTBkNGJkM2JmM2U4YmYzMTU3MzBlYTIyOTIK","null","2460600.373360406"
"ci","2460600.373360834","297","null","null","null","null","kali","null","ZjAyODI0MmNjYTZmNjU3N2YzNTUwODgxZThjMDgxNWIK","null","2460600.373360834"
"ci","2460600.373361181","298","null","null","null","null","kali","null","ZTg3ODNlNzkxZDIyZjhkNTZhM2FjNzg4MTUzMzU3NjYK","null","2460600.373361181"
"ci","2460600.373361574","300","null","null","null","null","kali","null","YjMxZGE1MGI0NDBjOWIzOGYzYjkzMGI4NTg3Yjk2NWEK","null","2460600.373361574"
"ci","2460600.373361945","301","null","null","null","null","kali","null","ZjlhYjVjZDc4NGI1MjJlYjQyNDFkZWZiODFkODI0MGEK","null","2460600.373361945"
"ci","2460600.373362373","303","null","null","null","null","kali","null","MGI1Y2Y3MzBiNDA0MGFjODIyM2ZiZjliYmNkNGE2NzMK","null","2460600.373362373"
"ci","2460600.373362732","304","null","null","null","null","kali","null","MjJjYTRmZjZmZmJjZTg0ZGI1MzZiNjc5N2Y5ZDAyMTMK","null","2460600.373362732"
"ci","2460600.373363172","306","null","null","null","null","kali","null","MzIwZTgxZDlmNzVkNGI1MDQwNjkzMjEwZWYzMjM2YjYK","null","2460600.373363172"
"ci","2460600.373363531","307","null","null","null","null","kali","null","ZjBlNzY0MDY0MGNkMTZlOGVkZDkyNzllMWE3ODlkNGEK","null","2460600.373363531"
"ci","2460600.373364005","309","null","null","null","null","kali","null","YTA4NmI2MGJlMTlmMDViZjQ2YzdiMmMzZmJkYjdkZTAK","null","2460600.373364005"
"ci","2460600.373364387","310","null","null","null","null","kali","null","ZTA3YWI5Y2E3ZGM1MTZjZjUyODQ3NjNkMDQ2MTZjM2UK","null","2460600.373364387"
"ci","2460600.373364838","312","null","null","null","null","kali","null","ODFmZTMzMTU2MjQ5NjE1ZDA0ZWU4YjNkNzEwNzhmYzcK","null","2460600.373364838"
"ci","2460600.373365232","313","null","null","null","null","kali","null","ZTczNmY2ODAyYzJlZTI2ZGM4NDcxYWQ0NzI4Yzg5NTEK","null","2460600.373365232"
"ci","2460600.37336566","315","null","null","null","null","kali","null","MWQyNGU5Y2YzNzFlM2QyYmE4OGZmOTliOGU4ODE2NGYK","null","2460600.37336566"
"ci","2460600.373366019","316","null","null","null","null","kali","null","ZWMzYjFhYWJkNzVlMzgzZTM5MDkzNmI5MjFmYzFmNjcK","null","2460600.373366019"
"ci","2460600.373366447","318","null","null","null","null","kali","null","YTViZmQyNjhhNmY2MWYwM2Y5OTk3NWI2ODA2MmYxZWYK","null","2460600.373366447"
"ci","2460600.373366806","319","null","null","null","null","kali","null","YmEzNDlhNDA3YjE5NTFkZjg5MGZkYWI0YWRhMGQyM2UK","null","2460600.373366806"
"ci","2460600.373367246","321","null","null","null","null","kali","null","MzM2YTY1MDc5ZTJlYTgyYTNhMDViMzc0NTg2ZDUwZGIK","null","2460600.373367246"
"ci","2460600.373367593","322","null","null","null","null","kali","null","MDdlYjA5YjM3ZGU0ZDk5NDE3ODdkNDZlOTE1ZjhjZjkK","null","2460600.373367593"
"ci","2460600.373367998","324","null","null","null","null","kali","null","YjM5MzhlZTMzZWMyYTU2YzcwYjcwYzYxMzk0ZDAyZTUK","null","2460600.373367998"
"ci","2460600.373368415","325","null","null","null","null","kali","null","NjY5M2ExNzcyNjE4MDJlNTk2MDYyNWJmZDIxZjI3MDAK","null","2460600.373368415"
"ci","2460600.373368808","327","null","null","null","null","kali","null","M2YyMjZhYWY1YjI2YmM5NDA4NzRmMDRjNDdjYjI5NTMK","null","2460600.373368808"
"ci","2460600.373369155","328","null","null","null","null","kali","null","YjA4Zjg0NzJhYjE1NGVhOTViNzEyNDNjZjkxYjQxMTIK","null","2460600.373369155"
"ci","2460600.37336956","330","null","null","null","null","kali","null","NzNiZDE3ZjY2OGFlMjI4YWEyNTk5MTc1YmIyMWIxZTYK","null","2460600.37336956"
"ci","2460600.373369885","331","null","null","null","null","kali","null","MmJhY2Y0MWNiY2M1NTRlZDRlNzM2OWVkZjIyNmIyYzMK","null","2460600.373369885"
"ci","2460600.373370325","333","null","null","null","null","kali","null","ZGE1NzQ1OTA4ODc1ODRhNjQwNmUxYTQwZWMyN2FjOTIK","null","2460600.373370325"
"ci","2460600.373370672","334","null","null","null","null","kali","null","Nzg0MDU3NTRiYjkzMDczN2IzYmJmNzFlMzc4MzlmODkK","null","2460600.373370672"
"ci","2460600.373371088","336","null","null","null","null","kali","null","Yzk1MzgyMzEwZTQ4NmNhYzY5NzU5MGM4YmQwNDgxODQK","null","2460600.373371088"
"ci","2460600.373371482","337","null","null","null","null","kali","null","YWJkZWM0ZTdlZTQ2MWQyNGY4YTY4NjY0NmQ0NGVjNzIK","null","2460600.373371482"
"ci","2460600.373371887","339","null","null","null","null","kali","null","OGRiZGQ1ZGU2Yjc3ZTA2NTgzYmE1NTQxNGM3NDg4ZmMK","null","2460600.373371887"
"ci","2460600.373372234","340","null","null","null","null","kali","null","ZjExZTNhMzY2NmE2MGRkMTZjOGU3NGM0ZjAzYWIxNTMK","null","2460600.373372234"
"ci","2460600.373372651","342","null","null","null","null","kali","null","NGU4ZmExMDhlNjYxMWIxNWRhM2JjMWQ3OWQ3YWY1NjMK","null","2460600.373372651"
"ci","2460600.373372975","343","null","null","null","null","kali","null","Yjg1NzBkNzI5ODkwZTY1Y2ExNzRiOTFhOTc2YjhhNTMK","null","2460600.373372975"
"ci","2460600.373373403","345","null","null","null","null","kali","null","NDhiN2RkYjg1ZTQ3ODhiMTMzYzU4ZDE4NzJiOTk3MmYK","null","2460600.373373403"
"ci","2460600.373373785","346","null","null","null","null","kali","null","ZDU0NjMwMjA4YTI0ZDhiMWFiYTE4NDkzYmJhZWQ4MzQK","null","2460600.373373785"
"ci","2460600.373374237","348","null","null","null","null","kali","null","ZTQ2OWZjOTE2MTJmMzliNTNhODBmYTQ2M2NlMGE1YjUK","null","2460600.373374237"
"ci","2460600.373374584","349","null","null","null","null","kali","null","ZTUzZjdkYzMzYjgxYmM3Mzg0OGU5MjUzNjEyZjk4M2YK","null","2460600.373374584"
"ci","2460600.373375012","351","null","null","null","null","kali","null","NTVjYmNkMzIxYTc2MmVmODQ5MTIwYzMzYmNkNDc2YjAK","null","2460600.373375012"
"ci","2460600.373375382","352","null","null","null","null","kali","null","YWQ5YzZjZmI2YWY4YTQyZWQzZDU5MGY2ZDMzOGFiYzcK","null","2460600.373375382"
"ci","2460600.373375787","354","null","null","null","null","kali","null","YmJkZTAyZjQxNDc0NmZlMzY4N2ViMTdhYzE2ZWJjOWEK","null","2460600.373375787"
"ci","2460600.373376123","355","null","null","null","null","kali","null","NjEwYzI4NzM4MDk0ZDg2MmNlNGExOGM2NjY2YjUyNzMK","null","2460600.373376123"
"ci","2460600.373376563","357","null","null","null","null","kali","null","NjQ2YzYyMDJjMWQ1ZDNlY2JmMDVjNjQ3MzI3NjNiMzcK","null","2460600.373376563"
"ci","2460600.37337691","358","null","null","null","null","kali","null","MzUyM2U4M2RlMDA2ZDAyNzU4MGI3NDU0MTg1MjBkZGIK","null","2460600.37337691"
"ci","2460600.373377338","360","null","null","null","null","kali","null","NjYzNmI0Y2FlYjBlZTAzNDdlZWU2OTBkODc5ZDY1ZmEK","null","2460600.373377338"
"ci","2460600.373377674","361","null","null","null","null","kali","null","OTM3OTg4MGM5ODUxYTk3MzZhZTA0NDVlMDE4NDJkNmIK","null","2460600.373377674"
"ci","2460600.373378149","363","null","null","null","null","kali","null","MTc1Y2QzODNhYjE4YjZmYzg1NGU5NzBiMzUwZjlkZDYK","null","2460600.373378149"
"ci","2460600.373378531","364","null","null","null","null","kali","null","N2VlMGI2YzQ3Mjk3MDU1OTdjYTc1YjQ1NGFiMzM0Y2UK","null","2460600.373378531"
"ci","2460600.373378982","366","null","null","null","null","kali","null","NDIyOGQxY2E0ZjZkYTI2ZWUxYWE2ZWNkMjFhZmM5MzUK","null","2460600.373378982"
"ci","2460600.373379329","367","null","null","null","null","kali","null","YTU5OThhYzlkY2RjYWM2OWQyZDBlYjQ0ZGJkYzk4YjAK","null","2460600.373379329"
"ci","2460600.37337978","369","null","null","null","null","kali","null","M2YwMDk3YWNlYTA3MTQwMDA2NjM0MDc0YjBiNzUxNjEK","null","2460600.37337978"
"ci","2460600.373380139","370","null","null","null","null","kali","null","N2M1YTliY2YzNmNkNTkwYjcwNzY5ZDkzYjNhNDYxMmMK","null","2460600.373380139"
"ci","2460600.373380567","372","null","null","null","null","kali","null","YWRiM2UzMjZiMzAxNDhhYzM2YTQ0MDUzNjNhMGQwMDEK","null","2460600.373380567"
"ci","2460600.373380926","373","null","null","null","null","kali","null","ODYzNjhiMGUyZTRkM2ViZWFjZTliYjMwZjc3YzdlNDEK","null","2460600.373380926"
"ci","2460600.373381343","375","null","null","null","null","kali","null","YzZkNzQ1OGYwNWY4NmM1Y2E3ZWE1ZDcxZjYzZDM5NzcK","null","2460600.373381343"
"ci","2460600.373381783","376","null","null","null","null","kali","null","NDU0YmRmMWE0YTk4MzMyZjBiZDMyYTI4ZTE2M2VjMWIK","null","2460600.373381783"
"ci","2460600.373382199","378","null","null","null","null","kali","null","MDdkOWFiOTdkZDI3ZGIyNDk1YWIxMzY4NmNhNTk3NmEK","null","2460600.373382199"
"ci","2460600.373382593","379","null","null","null","null","kali","null","OTM1MjgzNmYxMmJkZDJmOWE2NGFmZGIyNWM2ZmE1NTYK","null","2460600.373382593"
"ci","2460600.373382986","381","null","null","null","null","kali","null","YTU2OTI1MDE1MDA4MGM4M2U0MmJkNWZjMWRjYjE2MTIK","null","2460600.373382986"
"ci","2460600.373383334","382","null","null","null","null","kali","null","ZmMzYTNjNjRjNzZlM2NjODA2NzFkMDVlYjAxYThkNjEK","null","2460600.373383334"
"ci","2460600.373383751","384","null","null","null","null","kali","null","MDNjODI1ZDdjNjEzM2M0MzM2YWZkZWRjZGQ0MmExOTEK","null","2460600.373383751"
"ci","2460600.373384051","385","null","null","null","null","kali","null","OWU0YzMxMjIwYWRjZmU0ZjdmMzhkNDhjMjg4YWVjM2EK","null","2460600.373384051"
"ci","2460600.373384479","387","null","null","null","null","kali","null","MmI5YzY3OTUzMTMyMzljYTc5NTk5MDM1ZGM0YmFkNWQK","null","2460600.373384479"
"ci","2460600.373384838","388","null","null","null","null","kali","null","MGQxN2Q3OWY2M2M0MzA2OTBlZjA5YTJkZjVhNmNmOTIK","null","2460600.373384838"
"ci","2460600.373385267","390","null","null","null","null","kali","null","OWNjYmFkMGRjZDg0ZDM2YTE1ZjIzMzBlMTY3ZDViMDUK","null","2460600.373385267"
"ci","2460600.373385649","391","null","null","null","null","kali","null","NGVmMDIxNTc0MGEwYjA3NjZlM2MwMWM0MTc3N2QyZDcK","null","2460600.373385649"
"ci","2460600.373386077","393","null","null","null","null","kali","null","YmE4ZjNhY2JjYjRjN2RlYWViYjYzM2VkZDIwMDRjYmMK","null","2460600.373386077"
"ci","2460600.373386528","394","null","null","null","null","kali","null","ODEzODg1YmJjN2VmZWYxNjg2YWI4MWQ2NGYxZmNhYjQK","null","2460600.373386528"
"ci","2460600.373386945","396","null","null","null","null","kali","null","ZDBhODg0ZmUzOWUwZTBlYzVkYmU1NmFjMTNkOTdhODMK","null","2460600.373386945"
"ci","2460600.373387315","397","null","null","null","null","kali","null","YzU4Zjc0NDkwNzE5YTJjODM5ZDQ3YzYxZjUwYjZhMTQK","null","2460600.373387315"
"ci","2460600.373387755","399","null","null","null","null","kali","null","NjVlYjIwMzcxOTk0MjQ1ZTM2YjM2ZjVjMGQxZmZiMzcK","null","2460600.373387755"
"ci","2460600.373388114","400","null","null","null","null","kali","null","Y2M5YmE5ZGRlM2ExMDBhMGI1Y2M1YzQzNTE0YTJlZjgK","null","2460600.373388114"
"ci","2460600.373388531","402","null","null","null","null","kali","null","MzI5NTFmZjZmYzkyZGY3Y2I5NjZiZjdlYmRmOWRjNjcK","null","2460600.373388531"
"ci","2460600.373388936","403","null","null","null","null","kali","null","MWRiNTgzOWQzMjcyZGNhMWJhOTFmNmZkNzY2ZjFjYmIK","null","2460600.373388936"
"ci","2460600.373389364","405","null","null","null","null","kali","null","NmExMjZmOWJjNzQyYmUxYTFjYjYyYjQ2ZTNmMzg5ZDIK","null","2460600.373389364"
"ci","2460600.373389723","406","null","null","null","null","kali","null","YmY4N2Y3NWFkNTJiZGVjNjhjZjMzNTNhNTkzMzMyMzcK","null","2460600.373389723"
"ci","2460600.373390128","408","null","null","null","null","kali","null","Mjc1MmQwNzdiNGMxZDk4Njg1ZDdjYjEwNzVhZGE5YjEK","null","2460600.373390128"
"ci","2460600.373390486","409","null","null","null","null","kali","null","ZGIwM2ZhMDlmNGQzYjU4NmJlNmIyZTRjYjg5ZjY1NmMK","null","2460600.373390486"
"ci","2460600.373390915","411","null","null","null","null","kali","null","NmRiMTM2Nzc2N2IyNmJjZjQzNDk4ZWRjY2VkMWUzMjUK","null","2460600.373390915"
"ci","2460600.373391251","412","null","null","null","null","kali","null","NmUyOWU1NDY5NjNmNTJjZWMzOGIwYTA5ODQyYjRmZDMK","null","2460600.373391251"
"ci","2460600.373391725","414","null","null","null","null","kali","null","YmFjYWViOTliNjE0YWI4Y2QxZGM1NWJmNTNjYTQ4YmMK","null","2460600.373391725"
"ci","2460600.373392049","415","null","null","null","null","kali","null","MDJjMWYxYzAxNTM3M2M1Mjk4NDMxZTgyMTIyZGIxYmIK","null","2460600.373392049"
"ci","2460600.373392465","417","null","null","null","null","kali","null","Y2M3NTYwMDJmOWMzMzM4OTI4OWVkOGU4MWY3NmMyNjcK","null","2460600.373392465"
"ci","2460600.373392824","418","null","null","null","null","kali","null","Yjc4Yjg4MDIwNThiZWQ3ZDRiNWI3MjRiNzBhYjQxMmEK","null","2460600.373392824"
"ci","2460600.37339323","420","null","null","null","null","kali","null","NDZlN2RmNGMxNTQzYjAzOTViYTc5MTI1NTc1YTUxNTcK","null","2460600.37339323"
"ci","2460600.373393588","421","null","null","null","null","kali","null","YTU5MDEyNDQ3MTE2N2ExMTM1YTBiZDJhZGQwODg5MzkK","null","2460600.373393588"
"ci","2460600.373394051","423","null","null","null","null","kali","null","NDM0YWFjZjMzMWY0YThmNGJhZDM4YjY0Njg1MzA4ZGEK","null","2460600.373394051"
"ci","2460600.373394398","424","null","null","null","null","kali","null","MDVlMTNhMGEzZDVjMThlODYzZDU5ZWZhM2U1MzJjNDQK","null","2460600.373394398"
"ci","2460600.373394792","426","null","null","null","null","kali","null","MjA5MTI1NTc5MzJkOGFkNzM1YjIyYTQ5NWExMGU4ZjkK","null","2460600.373394792"
"ci","2460600.373395151","427","null","null","null","null","kali","null","ZmZlZWVmM2U3ZWNjYmU5OTJiNTNlOWY1MmIyYmE4OWMK","null","2460600.373395151"
"ci","2460600.373395568","429","null","null","null","null","kali","null","OWRhNzk2ZjYxZTE0ZDYzMTM3YWNhMWQ0YWYzNGRjODkK","null","2460600.373395568"
"ci","2460600.373395915","430","null","null","null","null","kali","null","YWQ4NGRmYmM0MWMyNGFjYmU1MzhjNDVkNjIxNDY0MzcK","null","2460600.373395915"
"ci","2460600.373396355","432","null","null","null","null","kali","null","MWZjMWNlYzhjNjUxNjg1ZTYxMjI2ODI2NTUwMDQxNGEK","null","2460600.373396355"
"ci","2460600.373396725","433","null","null","null","null","kali","null","NTliYWY3NzAzN2Y5MTU4YzI5N2RiMzU3YTg1YWM4YjAK","null","2460600.373396725"
"ci","2460600.373397153","435","null","null","null","null","kali","null","MDY5YWY4ZTRjMTQxZDViZDA0MDcwNjQwOTEzMTYxZmQK","null","2460600.373397153"
"ci","2460600.373397512","436","null","null","null","null","kali","null","NGYwYTlhYjZjZDhmYmJhMDk5NGNkNTAxNDEyZGQyNWQK","null","2460600.373397512"
"ci","2460600.373397929","438","null","null","null","null","kali","null","NDlmYTFlNWU4ZTRhMWIxMmFkYTI0YTY5MDgxNjc1YzQK","null","2460600.373397929"
"ci","2460600.373398288","439","null","null","null","null","kali","null","YTljNGRkMTkyYjcxZDAzNjY4NTAwZmRhMzgzZjYxZmUK","null","2460600.373398288"
"ci","2460600.373398739","441","null","null","null","null","kali","null","YmI1ZWYyZjg1MTc3MjY5NTliNDE5NWRhZjFjNjVjMWYK","null","2460600.373398739"
"ci","2460600.373399075","442","null","null","null","null","kali","null","ZGE3NmQwYzIyODkyZmE4NWE4ZWQ1YjgzYzY1Mjg4NjAK","null","2460600.373399075"
"ci","2460600.373399456","444","null","null","null","null","kali","null","NTVmYjVlNDllZmFmYTQ3YjBiOGZhMjQ5MTEwNGU4NzEK","null","2460600.373399456"
"ci","2460600.373399815","445","null","null","null","null","kali","null","MGI5OTNkNWJmYzMzMjM1MzBhNGVjOWVhZjBlMjZjMGIK","null","2460600.373399815"
"ci","2460600.373400197","447","null","null","null","null","kali","null","NDk4NjE2YWE2ZTgzN2EyNDE2ZjNmYWY2YWExNTI1YmYK","null","2460600.373400197"
"ci","2460600.373400567","448","null","null","null","null","kali","null","ZGJmY2Y5ZTc4ODYyY2QxYzExYTk0MDFlYzE4ZmNjMWMK","null","2460600.373400567"
"ci","2460600.373400984","450","null","null","null","null","kali","null","OThhYTVmMjAwZjk4ZGYzMTZmMjQ0YjY3YTIxYjBkNjcK","null","2460600.373400984"
"ci","2460600.373401354","451","null","null","null","null","kali","null","YWJlYWQ4OGE3MGVkMzY4NTk2Y2Y3MWEzMmIxYjQ0MDAK","null","2460600.373401354"
"ci","2460600.37340176","453","null","null","null","null","kali","null","YmIwMzkwYjM5OTZlMDAwMDhkZWY1NDg4ODY1OGE2MDMK","null","2460600.37340176"
"ci","2460600.37340213","454","null","null","null","null","kali","null","OThmMjc1YmE1NDg0ZTRkMzE0NTBkY2JmNTZhMTA5NTYK","null","2460600.37340213"
"ci","2460600.373402535","456","null","null","null","null","kali","null","MmY4NDM2NGU2ODNlZDk5ZDk2ZWM4MTFmMDdlMGI3NzQK","null","2460600.373402535"
"ci","2460600.373402882","457","null","null","null","null","kali","null","MWM0N2NiMmM5YzZlZGFhMTU0ZWFlZGUxZjdkYzFjMTcK","null","2460600.373402882"
"ci","2460600.373403299","459","null","null","null","null","kali","null","MDA1Njk4ZGNmOWE1ODdiMmIzZTM1ZGI2ZTdiNGQ0YjAK","null","2460600.373403299"
"ci","2460600.373403635","460","null","null","null","null","kali","null","MjQ1MDgyMzNjMWNlZmNlOWQxODRlMjExNDVjMmY0NDIK","null","2460600.373403635"
"ci","2460600.37340404","462","null","null","null","null","kali","null","ODMxZTUzMzIyM2MxOWUxMjlmMGM2NTQ3Mjc5YmE0YTgK","null","2460600.37340404"
"ci","2460600.37340441","463","null","null","null","null","kali","null","ZGVjNTNiYjcwZDZhZWM5NDM1MDRjYTJhYjlhYzJhOTQK","null","2460600.37340441"
"ci","2460600.373404815","465","null","null","null","null","kali","null","ZWU0OGVkNDE3MDE2ZmRiM2U1MjgyN2M2Yzk4Nzk5MWUK","null","2460600.373404815"
"ci","2460600.373405151","466","null","null","null","null","kali","null","YzM4OWMzN2NkYzU3MjlkN2I2NjkwMWNjMzNjM2FkMGQK","null","2460600.373405151"
"ci","2460600.373405567","468","null","null","null","null","kali","null","NDJmZmI3OTVkMjUyZTRmNmIwYWI4MDhiZTI3MjU2MGMK","null","2460600.373405567"
"ci","2460600.373405938","469","null","null","null","null","kali","null","MjhhZWVmOWJjMGFkN2IyZjI5ODhiNzYzMTllYTQwNzYK","null","2460600.373405938"
"ci","2460600.373406343","471","null","null","null","null","kali","null","OGVkMzVjNDUxODRiOTYxM2Q4YWViMDAzMjA5NWQ3ZTYK","null","2460600.373406343"
"ci","2460600.373406725","472","null","null","null","null","kali","null","ZmMxZjg4Mzc3Y2I3YjJjMGU0OWJkMjI4MTlkMjUwM2UK","null","2460600.373406725"
"ci","2460600.373407164","474","null","null","null","null","kali","null","YzU1M2I4YmEzNDBiZjI0YTkzOTE5MjRjNTk1OTI2ZWEK","null","2460600.373407164"
"ci","2460600.373407547","475","null","null","null","null","kali","null","Y2Y5MjA2Y2NiMDcxZDY1NjU2NGRkOTZhYmI5NTA2NjYK","null","2460600.373407547"
"ci","2460600.373407929","477","null","null","null","null","kali","null","NzhiZTJkZDU4NGJiZTgxNjk4ZjZlZTI5OWYzNzI0YmUK","null","2460600.373407929"
"ci","2460600.373408299","478","null","null","null","null","kali","null","YzA0NmQ2MzgxMGQyYzEwZjE2ZjA4MDNlOTA5YzhiZjAK","null","2460600.373408299"
"ci","2460600.373408704","480","null","null","null","null","kali","null","YjU3NDY3YjIwODQyMDRhMDExYTgzYWQzM2MzMGIwMGUK","null","2460600.373408704"
"ci","2460600.373409051","481","null","null","null","null","kali","null","OWFkMTMwNTUxMWY4ZmEzZjgwZWNmMjQwMjFmZGU2YmYK","null","2460600.373409051"
"ci","2460600.37340948","483","null","null","null","null","kali","null","ZDFhZWUzNmJkM2E1ZTllODkyNjU2NzM2MjliMjdhZDEK","null","2460600.37340948"
"ci","2460600.37340985","484","null","null","null","null","kali","null","NzQyMmVmY2M0MmZjMmMyYzNmNGZhODBlYmIxYTkzOTQK","null","2460600.37340985"
"ci","2460600.373410255","486","null","null","null","null","kali","null","ZDY5ZWUxNDI2OTMxY2QyMWYxMzBiMDM4OGMwMDhiNGUK","null","2460600.373410255"
"ci","2460600.373410625","487","null","null","null","null","kali","null","YmJhNzhiYmMyZjNlZThhN2E3MWE5N2U3MjgyYzRjZDkK","null","2460600.373410625"
"ci","2460600.373411054","489","null","null","null","null","kali","null","NTQ4MDQ2NDRlZTlhYzcxNjZhNDYwMzIxNTZhZmUxNGQK","null","2460600.373411054"
"ci","2460600.373411436","490","null","null","null","null","kali","null","OWM5ZDM1Y2JhNmNiODMxNTE4NTc4NDZiNTdhYjA3NjQK","null","2460600.373411436"
"ci","2460600.373411922","492","null","null","null","null","kali","null","ZGZmOWM0MTZmZTkxZTA5Y2E0NDJjNTRhNGFjZWEyOWIK","null","2460600.373411922"
"ci","2460600.373412327","493","null","null","null","null","kali","null","ZjQwNDhlMTc0YTJiMWE2MzI2ZmU4OWZkYjY4MGE2NWIK","null","2460600.373412327"
"ci","2460600.373412813","495","null","null","null","null","kali","null","Nzc2OTc3YWQ5ZDhiNThmYTMwMGE0YjkxNzE0NGM3MmUK","null","2460600.373412813"
"ci","2460600.37341316","496","null","null","null","null","kali","null","YmQ4YmQwMzdiYTZmNDY0NmNhMDgxYTdjZTFjNmQ4ZTMK","null","2460600.37341316"
"ci","2460600.373413565","498","null","null","null","null","kali","null","YmRkZTFiYTQ1OTczMjkxMjk3OTE1NWE3NTdmZjg0MGYK","null","2460600.373413565"
"ci","2460600.373413924","499","null","null","null","null","kali","null","MmJiMGM1NDM1ODNhZWE3YjhlOGVlODI0MWEyYzdkNTYK","null","2460600.373413924"
"ci","2460600.373414352","501","null","null","null","null","kali","null","NzU5NjM5ZThiYmEzYWY1ZTA4NDdiOTE3ZmUzMWYyNzgK","null","2460600.373414352"
"ci","2460600.373414688","502","null","null","null","null","kali","null","MTFmYWQ4ZmFhNjU3OGE5YWU4OTlhYTZjZDBjNTg1MjcK","null","2460600.373414688"
"ci","2460600.373415116","504","null","null","null","null","kali","null","Yjk0YzFiOTcxOGFiYmZkZWM5YmUwNzVlODFiNzM2YTQK","null","2460600.373415116"
"ci","2460600.37341551","505","null","null","null","null","kali","null","ZjA2ZTg3YmE1NjMyOWMxNDdjOGQyYWM3YTlkOWRlOGEK","null","2460600.37341551"
"ci","2460600.37341595","507","null","null","null","null","kali","null","ODc4MmM5NmJjMGNhMGQyOGJhNDIyMDNjODQ5ZDdmMzEK","null","2460600.37341595"
"ci","2460600.373416332","508","null","null","null","null","kali","null","N2VhYWUyZTIwNzc1MmJiMTlmZmIxNDE1ZDk0MmJiZWEK","null","2460600.373416332"
"ci","2460600.373416771","510","null","null","null","null","kali","null","OWIyOWE3NTRhMmZmYWQ2MzVlZTQ3MzQxNzY0MmI3NTIK","null","2460600.373416771"
"ci","2460600.37341713","511","null","null","null","null","kali","null","MDhkMjAxNDg0ZWY3M2NhOTczNGNhODY5N2Q3ODY1OTAK","null","2460600.37341713"
"ci","2460600.37341757","513","null","null","null","null","kali","null","Mjc3YmJiYWE3NGFkNDc5Y2RhODliOTFkYzhjN2RhOTcK","null","2460600.37341757"
"ci","2460600.373417963","514","null","null","null","null","kali","null","OTNmZTEzNzFmNjQ1ZTg5NDVlOTc4ZDJkODZiNzBkODAK","null","2460600.373417963"
"ci","2460600.373418403","516","null","null","null","null","kali","null","YmMxMGNmNDA5ZjM0YzUzYWE5ZGNhZjA1Y2U4Y2Q5ZDIK","null","2460600.373418403"
"ci","2460600.373418762","517","null","null","null","null","kali","null","MDY5OTRiNGEwY2Y1ZTcxMGU1YzFiYTZiZDlhOGI5ODUK","null","2460600.373418762"
"ci","2460600.37341919","519","null","null","null","null","kali","null","Mzc5OTY1OWM2ZWFkODg0YjNjM2ZkNWNlMDVkZjhiODMK","null","2460600.37341919"
"ci","2460600.373419538","520","null","null","null","null","kali","null","MzRlMTM4NjVhOTQ1MDJjOTgyMTZiNTIxYTg2NDkyODIK","null","2460600.373419538"
"ci","2460600.373419977","522","null","null","null","null","kali","null","NDM0MTBjMTUyZGQ1YWI0ZjRhZTljMDJlNjU2NDJkMTIK","null","2460600.373419977"
"ci","2460600.373420336","523","null","null","null","null","kali","null","NzVlMDk4MWQ2MmEwMmJlZGU2NTBiZmUxMGYzY2MwMzAK","null","2460600.373420336"
"ci","2460600.373420752","525","null","null","null","null","kali","null","NGI4YjcxYzE0MWY4YmUxNjY5MDk5NDMxMGYxNzYwZjgK","null","2460600.373420752"
"ci","2460600.373421146","526","null","null","null","null","kali","null","YTUwM2JhOGU1Njg2ZTA5NjM2NTQ2ZTY2YzgzOGI1NTEK","null","2460600.373421146"
"ci","2460600.373421621","528","null","null","null","null","kali","null","YjViMTUzYmEzZWJmY2VlZmFkNDYzYTZjZDE5NzA4YjYK","null","2460600.373421621"
"ci","2460600.373422037","529","null","null","null","null","kali","null","OTEyNjcyY2I1ZmQ0NGQ4YzEwYzYzNDU5MzkyMDExYjgK","null","2460600.373422037"
"ci","2460600.373422582","531","null","null","null","null","kali","null","NTU1YjQ3NDU2NDcyYThkZTRmNzYzZTQyODdjOWJjYmUK","null","2460600.373422582"
"ci","2460600.373422929","532","null","null","null","null","kali","null","MWYxMTU3MzM1Mjc0NjY3ODUwNDA2MmY0OTFjMTU0NjMK","null","2460600.373422929"
"ci","2460600.373423391","534","null","null","null","null","kali","null","NTdjNjAzOWQ1N2RlMWRjZTMzZTE5MmY4YjE4YjNmNGQK","null","2460600.373423391"
"ci","2460600.373423774","535","null","null","null","null","kali","null","ZmYxYWQ1OTBiMmM1ZTNiMTVjZmJhZTYzNDljNjAxMGYK","null","2460600.373423774"
"ci","2460600.37342419","537","null","null","null","null","kali","null","ZGM0MmEwNmRkYjU0ZDRkOTNmZjJkOWE3MzdlNmY1MTkK","null","2460600.37342419"
"ci","2460600.373424537","538","null","null","null","null","kali","null","NzM5ODA5MmMyNTU5YWE5MTAzNDE5MjExZDE1MzE3NDcK","null","2460600.373424537"
"ci","2460600.373424943","540","null","null","null","null","kali","null","OTFiMTE1MTg5MGZiYmE3ZDg3NTY4ZDkzYmY2MzM5MGUK","null","2460600.373424943"
"ci","2460600.373425301","541","null","null","null","null","kali","null","NWQxMmZhODUyMGFiMjQ0NDdkNmZmYjZmNDk3MGFkM2UK","null","2460600.373425301"
"ci","2460600.373425741","543","null","null","null","null","kali","null","NjNmNGJjMTE0YzFkNjRiYzU4ZGY1MWVlMWY0MTRlMWEK","null","2460600.373425741"
"ci","2460600.373426135","544","null","null","null","null","kali","null","MzVjYzY4NmQyOGVlZTU1NmNlZjkxYmYxMDViYzE3NDYK","null","2460600.373426135"
"ci","2460600.37342654","546","null","null","null","null","kali","null","ZmM0MjJkNGRlOWZkYTJiN2Y5YjJjY2MzY2IxYmU2OTUK","null","2460600.37342654"
"ci","2460600.373426922","547","null","null","null","null","kali","null","NTkwZGIyNWM0NDhlYzk5OWRkYTIzNjllNTdkMWY3M2YK","null","2460600.373426922"
"ci","2460600.373427327","549","null","null","null","null","kali","null","MzEyMjliZDhhMGNhNjhhYjU3MzE0YmFjM2UzYWY4MzIK","null","2460600.373427327"
"ci","2460600.373427674","550","null","null","null","null","kali","null","MzVkNTZhOTU2MjExM2UwMDNlOGU4OThhYjI4MzI4NzQK","null","2460600.373427674"
"ci","2460600.373428079","552","null","null","null","null","kali","null","NWZjZWYyMGI1NDRmNjRlZmRmMzc3ZTlmZDI1ZGVkNGMK","null","2460600.373428079"
"ci","2460600.373428461","553","null","null","null","null","kali","null","YjNlNzA5Yjc5YzlhN2I3NDQyYzVhMmZlZmY2ZTBjYmMK","null","2460600.373428461"
"ci","2460600.373428855","555","null","null","null","null","kali","null","MjFhMTliYzVkNzcyMTM0Mzg4NzkyNGI3YTg5YzQ3MWMK","null","2460600.373428855"
"ci","2460600.37342919","556","null","null","null","null","kali","null","OTcwMDdlM2VjNWE4YTg1ZjVmNTk0MjQ5M2M2YzM1MmYK","null","2460600.37342919"
"ci","2460600.37342963","558","null","null","null","null","kali","null","ODczYTg5ZmI3OWJkODI5ODZmNjE3YmY3YWE3NzQ1ZjMK","null","2460600.37342963"
"ci","2460600.373430012","559","null","null","null","null","kali","null","NDg5Nzk5Y2YxYjliNGJiYTZjZTZhMjg2ZDkxYTc3ZDMK","null","2460600.373430012"
"ci","2460600.373430417","561","null","null","null","null","kali","null","MjIyN2JiNTI3OTYzMzQxNTA3YTdhOGY2ZDJhZTU0NDcK","null","2460600.373430417"
"ci","2460600.373430764","562","null","null","null","null","kali","null","ZWEyYjRmMTE1Mjk2ZmI1YTI4MTJhZjAyODE1ZmVkZjYK","null","2460600.373430764"
"ci","2460600.373431193","564","null","null","null","null","kali","null","OGMyZmQ3NDFlMmQ2NTZmYTgxNmNkNTM3ZmM5YzlmZDIK","null","2460600.373431193"
"ci","2460600.373431574","565","null","null","null","null","kali","null","YjdkNjRkZWRmMzFjNmY1ODJiMDlmZDE5NjNhMmIwMDgK","null","2460600.373431574"
"ci","2460600.373432003","567","null","null","null","null","kali","null","NzQ2MGRlYTZlYjNmNGNiZGU1ZDJkMGNmZTA4MGJjN2IK","null","2460600.373432003"
"ci","2460600.373432361","568","null","null","null","null","kali","null","MzQwMDQ5MWZmOWNiNjEyNjA0YTIwODdkZmRlMWY3OWUK","null","2460600.373432361"
"ci","2460600.373432778","570","null","null","null","null","kali","null","Mjc2ZGQwMDM0NmE0NWMwYmNjOWE4ODAzODJlYTIzY2QK","null","2460600.373432778"
"ci","2460600.373433195","571","null","null","null","null","kali","null","MTA4NWYwZmZkNWJmNzBhNmI5Y2U0M2VkZGFkODlhZWUK","null","2460600.373433195"
"ci","2460600.373433635","573","null","null","null","null","kali","null","MDBlNDhlYjM0ZmRiODNlOWVhZDM5NDg5ZjAxNmU3MmMK","null","2460600.373433635"
"ci","2460600.373434051","574","null","null","null","null","kali","null","MTQxZTc0ZmEzM2MzN2UzZGIyM2ZkMjA3ZDk0NjNmMTAK","null","2460600.373434051"
"ci","2460600.373434503","576","null","null","null","null","kali","null","MTkxYWY4ZDkyMDI3ZmQ4NDBmOTQ0MzI3ZGIwNWU2YjEK","null","2460600.373434503"
"ci","2460600.373434827","577","null","null","null","null","kali","null","OTQ2MTU2YzFjN2EwOTJmZjc0YjU5YTcxY2IwMjZiZmMK","null","2460600.373434827"
"ci","2460600.373435255","579","null","null","null","null","kali","null","OTkzM2E0ZTNjODkwZjgyOWVkNzI0YzhmYWM5ZmYzNzEK","null","2460600.373435255"
"ci","2460600.373435649","580","null","null","null","null","kali","null","YTdhNDEzZDQzZDFlZGExNWNhZjQ4NjVmZjlmOGNkNjUK","null","2460600.373435649"
"ci","2460600.373436054","582","null","null","null","null","kali","null","MThmOGUwMThkNmZmOWI3YzJlNjE4MjNjNzhjNTdhZGQK","null","2460600.373436054"
"ci","2460600.373436401","583","null","null","null","null","kali","null","Y2NhZTI1MGI2YzAwYmQ3MDA5MmE3MzhhZTE5NzZhZDYK","null","2460600.373436401"
"ci","2460600.373436841","585","null","null","null","null","kali","null","MjE2ZTMzODBiNTYxMzdhZDUxZDdiYWRhMzVhMmQwMzAK","null","2460600.373436841"
"ci","2460600.373437188","586","null","null","null","null","kali","null","OThkYzY2MDgxZGVlZDA1ZGQ4YjVmOTM1NWVhMzc0ZjMK","null","2460600.373437188"
"ci","2460600.373437604","588","null","null","null","null","kali","null","M2VlOTNmYjA0MDk5ZDIxYTdjM2I1YzNmY2IyMWI3NmQK","null","2460600.373437604"
"ci","2460600.373437998","589","null","null","null","null","kali","null","YjRiZjkzYjEyZTkwZTU0MjYwNjFjYTJmMmFiMWEyZDAK","null","2460600.373437998"
"ci","2460600.373438403","591","null","null","null","null","kali","null","YzM1MzcxMWViNDRiNzFlNWJmMDc4MThjNDU3YzVjMjYK","null","2460600.373438403"
"ci","2460600.373438739","592","null","null","null","null","kali","null","N2QyNTM2NTJiYzliNDBjZjZkOWQ4Zjg3MGI0ZmFhOGQK","null","2460600.373438739"
"ci","2460600.373439167","594","null","null","null","null","kali","null","NDM0ODA2NDgwMjg3Y2ZhNWY2NzI1MGE3YzBkYmRjYzgK","null","2460600.373439167"
"ci","2460600.373439526","595","null","null","null","null","kali","null","NDBiOTk3NmUyZjZmYjRhMDhlYWQ0YjdiNGEwMDI3MjAK","null","2460600.373439526"
"ci","2460600.373439908","597","null","null","null","null","kali","null","M2Y1NzFmZTUwOWQ4NzllNTBmYjgyNTE4ZTVkMDczZjcK","null","2460600.373439908"
"ci","2460600.373440278","598","null","null","null","null","kali","null","NDczNjQyMDVjNzNkNWZlZTg1ZjM5YmIyM2E0OGRmMTgK","null","2460600.373440278"
"ci","2460600.373440707","600","null","null","null","null","kali","null","M2JmMWQ1MGJjZjQ4YTJkOWEzNDk3NDc1MTU1ZDQ2OTIK","null","2460600.373440707"
"ci","2460600.373441077","601","null","null","null","null","kali","null","ZTRiOWNlMzJiZGZkN2MyOTQ0OTBmYWE2ZmUxZjYxMmEK","null","2460600.373441077"
"ci","2460600.373441563","603","null","null","null","null","kali","null","ZjNjZmU1MzUxNDdiMTA4M2UyYjU1OWRjZWY0NDhlNjIK","null","2460600.373441563"
"ci","2460600.373441921","604","null","null","null","null","kali","null","MTI5NDdmZTgzNTFkNTJkOGUxNWVlM2FhMzU1NDcyNTEK","null","2460600.373441921"