"fnid","name"
"1","YThlN2VkM2JmNDJhNDRkMGEzYTRhOGYxZWQyYTRmYmIK"
"2","ZTE2NmYzZjE4MGUzZTg3ODg0YWJkMDJmMzA2NjdmNGMK"
"3","OTIyMzk4OTRjODhiNWM1MDQxYjM4NzAwNWZhYzU1OTkK"
"4","NmJjYTYyNjQzNjAzOTIyOGQyZmQ5YzhhZTI4NDlhNjIK"
"5","MjZhMTUxNmQ3MGU0MmZkNDg2ODU3N2EwNWU4N2NjODcK"
"6","YWY0Y2IxNThjYWVjYmRkZDZlYjVlNjc1MjJmZGQ2YjkK"
"7","NTM0OWZiMjU0ZjI0MTFkYjljYjNlYTNjNmQ4MzU1ZTgK"
"8","NTViYzk2NmJmYWZjNjBlODkwYjBmNDljZTdjOWY2OWYK"
"9","MzA4NWEzNmFlNjlmMTk2OWExY2JhZDZhY2I3YTQzNWYK"
"10","NTcwMTBmY2RhZTJiYzFhOGIwODYyOWVkNzhhNGQyYzcK"
"11","MjY3NTE0OWY3YTljZjIwOTNjZDJmMmNmZWQ3ZmQxYjcK"
"12","YWNhZmI3ZmFkZGRiMjVlOTU0ZGIwNDkyYzNiNWIyMGQK"
"13","M2Q5NjJhNzcyZWFiYzhhYmU5ZWI0ZTBjNGI3ZmRhZmUK"
"14","YzcyZWYwZGU1OTE4NDYwNjE2NzA2MTk4ZWIxN2JhZWEK"
"15","ZjA3N2EyNTM4ZjIyYWFlNjI2YWNiOTM5ODgwZjM5NDcK"
"16","NDE2YTgzNThmNGU4ZDFjYzM5ODU3NzdlOTc0OTc5NjQK"
"17","ODgzMWU0OTdmNThhYzA2ZjRkYzU0ZTliY2RmNTkwYzcK"
"18","OWFiMmQ5OWRmNmEwMDYzMDc4NmVjMWJkYzFiNDEzY2YK"
"19","YmUwODU4ZWNmZjZhNTI5MDJiZjIxMmQwMGM5MzJlMmQK"
"20","YzIzY2U3MjI0MmZjOWVlZDM3ZTRhNWIyNWFiYTg3NzkK"
"21","YTQyODAzNzQ5MjljZjk5OTUwMGM1MjdhMjQ4ZDk2M2QK"
"22","OGRjODVjNWI4MjMwNzA0ZTNjOWRjNGI5MzY5ZmViMTUK"
"23","NGMxMGY0MGFlYjIwMzkwYTQyZmZkYmY4ZDZiZGU3ZTIK"
"24","ZDAwZDZhZmU5MzM4MGZjYThmMzUzZjQzZDQyNmE5OGIK"
"25","YzBmYTgwOTBlMGY3NDVlY2FiY2U4ZjRlNDkxM2RkNzQK"
"26","MDNiYjcwZTdkYmFiNDM1YTIzYmMyOGZhZDUzN2I5MDIK"
"27","MGFhNjc2OWY1OWUxMzU1Yzc5ZWEyMjRhNmY1OGY3NTAK"
"28","YmQzNDY3ODM2Y2I3Mjk0YTBjNDM3NTU3MjhiNjc2NjQK"
"29","NWI1OGJlZmVjMWU1M2Q3MWYzOWNkODhmODUyODNiNjIK"
"30","NjNjZGVkZTgxYzdhMDUxZDBlMGY1ZjA1OWUwODcxNjUK"
"31","ZjQyYzJiMGMzYjU1MDY2ZjE4OTllYWUxZDc1MjYxZmEK"
"32","YjI0NWQxZjRmMThkYjk1OTUyM2NmMTNkYjVkZmQ5ODAK"
"33","N2U0OTIxNzU5NDQwMWYyZGRlZDBjNGM0ZGIzMzM1OGEK"
"34","NjBlZmY5NWE0NWY4OGIxOGRjYTQ4M2M3ZGU3YzUxNDYK"
"35","OGQ1OTU0MWIxZThkOTVjNzk4NjgyZTUwN2ZiYTVjODUK"
"36","OGNjOTc3NjNmNGQ1MTQxYzljYTdlZWVmZGYzODc0Y2EK"
"37","MWIxOTRhYWY2YWQ0OWFlMGZkNWU4ZjQ0NWI5NWQxMmYK"
"38","MDY5ZDBkNDNjMGJmMWNkMTQwNzgzYWM4Y2ZlYTA0M2EK"
"39","NDQ4YzNhMjI4ZTYzOWY1YTBkNDE1MDk5YjM2MmE5MGYK"
"40","NDk5MDlkNzQxZTI4N2NiNTJiNjZmYTJkZWIxZDdlYmYK"
"41","OWEwYWZhY2M1ZTViMjIxMDI1MTgzYzA2NDJiNzAzNDYK"
"42","MDFlMTdlNDQ2N2NkZWY0NWMyNTgxYzQ2MmQxNWYxZGEK"
"43","ZWRmNTE0MzllNGMyMGZlODg3NGQ4YzVlODQxNDdkNjcK"
"44","ZTFlYjY4YjEzOTg1ZWMwMmQ3ZGY1NDIzYjlmYTdkZDQK"
"45","ZmZkOWE0ZDJhMjBhY2U0NDk4YjNmMTkxOGQ0OTNkZDAK"
"46","NjQ5NjNlM2FiNDllMWVjODM0NjRlMjVkYjVhMjEwY2YK"
"47","NmQ1NzNlZmE0NDJmMTRmOGM0ZmVhZTM2MWEzNzg0N2QK"
"48","NjNiYmQwM2FjZjZmMTA0YjMzZDE0ZGRlZTU5ZTRmYjIK"
"49","MTUzOTU4MzE5YjJmN2YxNjYwODFkNDgzMGMyZWY2ZGMK"
"50","ZTJjOWY0MjE5YjlkYTY4NTI0M2MzMGRlMTMxMDdkZGYK"
"51","YWUxZGMyYTNjZjY3YWMxNDcyMzFlZGJmZTAwODBiYjgK"
"52","NWM2MTdhYTQxNjU1ZDYwNDJiYzk2OTdhNzVkZTdjZmEK"
"53","YjExMjY1MzA3YzE1MDk0NmFlMzI5MzlhZDQyMTQ4MmIK"
"54","OTVmOGYwMjA1NmMwN2M2MWI4Y2VjNTI1MGU5NDVmZjcK"
"55","YWM0YWY0YmRmNjM4YWYxMjY1ODdmMTM4NTAzMGYzM2IK"
"56","MDI5ZjYyNjRhZDJkMWE0NjM1MmZiYzFkZmRiMjZkN2QK"
"57","MmZjMzczYTg3YmQ4MjQ1NGY5ZjFmYzZjMjM0NDhiNTYK"
"58","NzczOGIxNmNjMzJhMjM5MDVjMmJhMjc0ZGEwMWY5YmEK"
"59","MzU4NGVhZGExNWIwMDVjZDgzMDZlZGRmY2M2NTZlZjkK"
"60","OGE0MTQyMWIyYzBmY2Y0MzY1YThlYTkwNDc1NWI3MDEK"
"61","OGE3ZjQyYzIxZWQ5NWY1Njc5MTliMWU0ZGRhZjAxNjAK"
"62","ZjRjNmIxYjM0ZGY4MzdlMmY0NDZjYWFkMWQwN2M1YzgK"
"63","NzJiMTBiMjFmNGQzZWI0OTY2NTMzYzcxNzM5NWJhNGYK"
"64","M2Q3MGFlNWVmZmJhMjgzNzAwMmMwMWZjM2QwZWQyN2YK"
"65","YzdhNGY1NDZkNzJmNjI4NzVmODlhZjM5NTQyMTY0OTAK"
"66","MzliMmVhOTNlMjMzZmVlODMyZjVlMzU2NWZkMGY0YzcK"
"67","YzdmM2EzZjJmZjcxMjUyMDI5MjA3YTRhOGIyNTYzNmUK"
"68","MTE4YjZiYTk0N2M2YTYxNzdkMzliMTcxYTNlM2U5MTkK"
"69","MTVmZGRmZGMyMGI3Nzk0Y2U5ZTU3OGNjMWFkZTA2ZDIK"
"70","NDYxMWZlNzE4ZDI3ZjY2MThlNTQ4ZGYxYWE1MTMyNDkK"
"71","YTcxMmY5ZTFjMmZkMzJhY2RmYzM0NzZjYzQ5MGU1NWQK"
"72","YjJkOWJmN2NhYTZhOTNiMDQ5YWIzYjJkZGQ0N2U0OTQK"
"73","YzI5NGZkYWNkMDc3MDIzMjBkNzM4MzRmYzcyYWMzNWQK"
"74","MmJhM2QwMjhiMmVhOTMxYWNmNDBjMWQ0OGVmNjBmYmEK"
"75","Mzg4MTM4ZDczZjQ0ZWE0NWZiNjJiMWJhNDJiYjkzYzUK"
"76","MWRlMTUyNTdiOWUyYTY4NjVmNjg5NjRkNjhhZmVkZDQK"
"77","Mzg5Yjc4ZDhhNmVlY2U1MDZkMWE0YjZkM2Q1ZTdhNGYK"
"78","NmJiOGFlMTU1MDVlY2NlNzQzNGQwMGFkN2NhYmZjYWYK"
"79","ZjI0NmFjYjExYjY1ZWUyMWE0ZTc5NzRmMzM2ODQ4Y2IK"
"80","ZmZhNTQzOGZjZGU5ZTg0MDBlMzlhNThlYzVmMDhmNWIK"
"81","YTc1YTQ2ODVlZTZhNWQ2Mjk0ODA3MmI2YTk3NDI3MTQK"
"82","MWFhOTU5OGJjMmVkZjA5YmUwNmQwZGJkNTk4YzQ2NjkK"
"83","MGM3YmMyMmIwMDg3MDkzM2ZmNWM5MWJiZTY2MTBkY2UK"
"84","YTdkNmI4ZTM5YWI2OGY2MzY0MjA1OTBkN2U3ZDAwMTIK"
"85","NzZiNWIzMDI3MWI3ZWI1NzcyZGQwYTk2NWI3YWRjMjkK"
"86","Zjg5MzA5YjcwNDU1ZDVjYTE1ZjA2NmIyYTllNGEzN2MK"
"87","MTI1NmE2ODNhZDMzMWIyNjlmYWJkNTI2OGI0Y2JlMWYK"
"88","NDM0MDM4MzJiYTk3NWNmODE0ODFjY2Y3OGNiNmJiYzgK"
"89","YmU1NTdjNmI5MjlkNDFkODQ1YTk3YWYzNDJiY2QzZWIK"
"90","OGE4NzUzZGUxMjM3YmFjNjA1NTg4NTU0OGI4YjFkMDYK"
"91","ODc4NjYzZmQwMmRmNTE4YmEyZTcxNDBlY2Q2YTgwZGQK"
"92","YjA0MzljNTk4MmYzMzM0MDA3OWY1ZjI3YTYxNTVkZTgK"
"93","MzFhYzM4NTlhYWYyOTc2MTQ4ZGU2MzhkYmNlMTUzNDAK"
"94","ZDJkODZkMjdmZDZlYTc2YTlhZmQ2YTZmOTM0ZDk5YzYK"
"95","YzYxOGYwN2NjZjA2ZGE3OTRiNDBlNGVlNjI2MzdlYzgK"
"96","MDVlOTkzNzVhODIwYWQ2OWJmNjhmYzQ1NjczZThlOWUK"
"97","MTEyYWNiNDU5MzcyZTIwMGI3OTI0MjllMzNmNWViMDMK"
"98","YzFhYjZmZDZmN2IxNmQ4YzRhM2Y4NDYxZmJhZTIwMDkK"
"99","ZmQ1Y2E0YTcxZjA0MDM1Zjk1ODY5N2EzYWNmNDdhYzUK"
"100","ZWJmMTBmYmMzYjIwMmVlYTdkZTdmYTYzMjlmODRkYmEK"
"101","YzIyMzk4YjM5MzYyMTBiZTI1ZmJjODM1ZTUwM2E4YjUK"
"102","NzUwYmZkY2Y1NTVhNzdjY2MyYWU4OGYzNTUwYWMzM2YK"
"103","YzM3Mzc2NzNjMTA2YTc4ZmZkMmVmZGM0Y2U3ZGFmZDIK"
"104","NGQ4N2M2NTllZTFiMzUxZTQxMDgzOGM5MTAyOWYxZTcK"
"105","NmE5OWM1ZDY2ZDYzYzBkOWYxYTUyODg3N2Y4M2I5YmQK"
"106","ZjFmMzVhNmFlOTAxZDczZWE5YjcwNzMzZDMxOTM5MzQK"
"107","Mjk4OWNhOWJjMTIzZmQzNDIzYTYyZGEwMDBkNjljYmQK"
"108","NmRjMjc3NDBlMDM1MmY4NzNiMjZkNzhkMmE3Njk2NDgK"
"109","Njc4MzZmMGJmYmM2ZDNkZWRmZTVkZmU5NmUyZWU0ODkK"
"110","ZmFhNmE3MzJlY2Y4ZjhjMTExMGZiNzJhMjg4MzUwN2YK"
"111","NjhmMDZlNjJiNTRhMTI0YTFkNGNlMWFlNTEzZGMxZDgK"
"112","MjdiZTFlZDAyMGExNjAxODViZWYwMWM3NTE4NzUxYmQK"
"113","ZjY4NzhhYmExNjIxOGY3MzVkMmQ5OGMzNmIyOTQ5MzcK"
"114","ZWQ2MDE0ZDE3NGU4ZTFhZDM4ZTkxYmRmZWRkM2JmOGEK"
"115","NmQ4ZjQ3NWE1ZWVjZTI5ZWUzMGM0OGNhY2U2YTZkOGEK"
"116","YmFmMDQyYjc1YTFiM2UwZDkzZTYxYjQ2OWFiYzkzNmEK"
"117","NGE2MWExYzY2NmJkNzgyZjE2MDZlY2RmYTU0YTRhZmQK"
"118","NTQzNmI2MThlMWM1YTRjNjViODhlZTI3ZjQ3M2U0ZDEK"
"119","OTY5MGQwMTA4MDg5Y2QzNjI2Y2RiOGQ2YmI5OWZkNzkK"
"120","OTMxMWM0OGQ0NTI2MWJlMGZlMzFmN2VhYzQxZGNiNGIK"
"121","MTcxZDMxNGFlNGEyZmIxOTkwMWNhZTdjOTc4YWY4OTUK"
"122","ZjgyMWJiYjFkNThiYjE3YjgxYzQwM2QxYjc5NDg5NGYK"
"123","ZjA1NGZjMWJiZDk0NzAyZGI5MGU2MjZiMzI3YmU5YjgK"
"124","NTc0ZTkwNWI3NGZlMDJkOWZmOWEzYWU2NDgxNGMxYjYK"
"125","NGViZGM2ZmI1NDA4MWE4YjdiMDZhMjNlOTMzYzBkNGIK"
"126","ZWJiYzA1OTM4Y2MyYTA3ZTU1Nzc2NWJiOTFhZGM1NTEK"
"127","MzI4MWY0NTExNjdhMGM0Y2E0ZWFlNjJjZjI0MjcwYzkK"
"128","YWEwZDU5MTFkMmIzZjlkN2UwNzlmOGRiZjNkNWViYjAK"
"129","Y2U3ZmY3MTAyYWVkMjZhZGQ1OTRiMTA5NzI0ZjRmOGUK"
"130","OWUyNTljM2VkOWUzMDNmMTg1NGQ3YTNiNWEyODg2MjkK"
"131","YmYxZGJjZWU4MDI5MDY5ZmFmNGMwY2Y1MmEwZTgyZjEK"
"132","YmUzZjFlMjJjNzU5OTc0ZjE2MjUyNTM1M2E2ZjE0MmEK"
"133","YzE4OThiYzI5Zjc0MDAwMTkzMmI5NDIzZmQ1MGJhN2EK"
"134","ODg3YjAxYzBhNTM2NDFhNTc3NDAxYmMzMjVmZTliMmUK"
"135","ZTE1ZDJkZWRmNzg1YTNmNDFhMjZhZDYzMGRlNWNkMjUK"
"136","ZjUwNzU2YTk5NjU4MDg1ODkxMjUzZWU3YzhjM2QxNGIK"
"137","YzJmMGJkNmFlYzc0MzE4MjI1YWFhNmVlN2UwMTEzMzEK"
"138","NjA4YTg0NTlmYWYwMDNiNzBlMDliNWYyNjllYTA3NzMK"
"139","NmE1YjA2NzJiOGQ1NzVjYTVlODc5MzM4ODgwM2E2Y2EK"
"140","NzM3OTVjZTBhNTIxYWQ5MjIyYmI0YTExZmFhMjdlMzUK"
"141","NmE4YjIyMTUwZWZhNTU2MDQyZGExMzIyMzBmMjVmN2IK"
"142","ZWE0MDlhMzcxZjVlODcyZmQzMzUyYzZhNDE0MzYxNjYK"
"143","MWIzOWVlMmQ3ZDJlMGJkNzU2MjJiYzBkYTZhYTFmOGYK"
"144","OTVhODE0OGZmOWEwZDRkMjI0MTQzNzhhZDYzNmVlN2UK"
"145","NWUzNGVhMDVjNTkzYzAyZTEyNTEyMTM2ZTU1NmI0NmEK"
"146","OGI3YTkxMjEzYWYxMjJjMjVmMTVlZmQzZmNlYTQzODQK"
"147","ZGNkODBlNDk3ZDMyMjEzZTc2MmJiNzg5Y2RiMjNkNDYK"
"148","MWQ1YTMwOGM3MTY1ZGY4OGIxMjkzMmI0NmMxMGVmZWUK"
"149","MGM5YmZkMjBhZWE2NDQ5MTljM2FiZDg5MThhYjZkZjQK"
"150","NmMzMWM3OThhMjczYjY3MjA2YjQwNDQ1ZjY0M2ExNDYK"
"151","YzBmMDI4Y2VhNTQ1MDFlOGVkZDNlYTczZTk4Y2JhZTgK"
"152","NDc4MmZhM2U5N2E5M2RhNWE2NThkZjk2ZDM0OTJjNWYK"
"153","ZjM1ZDNiNjU0ZGUzZTFkNGRmMDhiZDJmYzFmYTE3OGQK"
"154","NGVmNTg1MDIwNTIyYTNjZmFiOTE5ZDI2YTdmZDdhNTYK"
"155","N2ZmODU5Y2YwM2NhOTRjYjE4ZTI3OTBjODM2ODkzZjQK"
"156","ODdjMTNmZTY1M2RmNzEwZDAxMGFjNTcyNDFjNzM3OTkK"
"157","MzRjYTc3NWQ0YmU4MTlkMzAxYzdjNGJkZDliYWY1MzUK"
"158","YTc5YTQxYzU3YzdmN2YwMjFlYTZlMDhlMDhmNThmZDcK"
"159","NmY3ODc3YTcxODdkYmFkMjdiYzJiZWY3NDI0N2U3MTYK"
"160","NWI3MTI2MjY1NGVhYzM3NjAzNDUzNzE3Y2NlMzYwNGEK"
"161","NDQwMDE1MDZlY2ViMWJmZjRlNjI2M2M4OTU5YjBlMzUK"
"162","ZjQ2ZDNjZGE3Zjk5OWEzNmFlN2Q5ZWY0NGU4ODFjZGUK"
"163","ZDY0ZGQxY2E4ZWFjOWY2YzkwYzgyYmNkZDU4OTQ2NDcK"
"164","ZWNhNzAxOTkzMWY3MDE2YTY3MGNjMWExODhmOGQ0ZjcK"
"165","NjM3M2I5ZWQ1OWFiNTQ4NTI2Yzc5OTQ1OTViNDAwZGQK"
"166","Yjg3MzMwNjVlNGYxYzhhMzk2MWYyZDFmZmQxYzhjN2YK"
"167","YjVhNWI5YjQyNGI3MGZhYTZjN2NmNTI0OTUxZGU4NTQK"
"168","OGQzOWJjMzYyMTJhNDI1OWY3Njc4MWJhMzYyYjFhZTIK"
"169","NWZkYWZhNzk1MWUxZGU4MTY0NWVhMmQzZjQ2NGRhMWYK"
"170","ZmMwNjBkN2QyNjE2ZjY0OWEyNWY2YTc1NjM3MjMzNmMK"
"171","ZGNiODhjYWJhNWQ4NTYwZmNmNTgyZTE1YzY5NjUwOWQK"
"172","YWIwNTA0MmI2MzczYjU5OWNmOGExNjdmMDNkYTMxODIK"
"173","Y2M5NTkwNmYzNTk3YzA4OTBjMTNiYjc5NTAzODk2ZmMK"
"174","MDkzMTc3OGIzYWRkYjZlNjJkZDg3NjQ0YzA3MjY0YWUK"
"175","ZTgxZGQyZWY4NmFmMGUzZmI3N2MxNjA4ZWE0NjI5NDYK"
"176","MmM2ZWM0OWEwM2E2NDM0ZDZlYmMyMGE0YzBlM2Y3OTYK"
"177","OGNmYTYxNzViMjZjYWUyZTE0ZDAxOWFlZDNmYWQ1MGEK"
"178","NjVjMjcwZTdkY2FlYjBiNzNkMTBlOTkxNDI1ZWFiODQK"
"179","ZTFiZDQ4ZTE0MjM1YThmOTFhYmE1ZWJkNjZlNjY0MTYK"
"180","MTFhODQ0NWQ1YWQ3N2MzZDBlNWNjOGVhMDE2YWNkMmYK"
"181","MjZlZDBlNGJjMDFkZjFjZjg1MjRmYTBkOTkzNmNiYzUK"
"182","OWI4ODhmNDFjZDg4YmRkMjc2M2M0ZDU0YjdlOGNlYTYK"
"183","NWUyZjc4OWY1ZjlmZmIwNjI5Yjg3OGFlMDk1OWZkYTYK"
"184","NmE3OWZkYjZiNTE1N2NlMjY4OWY0MTNjNTI2MjRlYjQK"
"185","MzUzMDViOTczNWIyZTVjYTAyMWQyOTEyMDM1NTkwNjgK"
"186","ZjlmY2EzYzUyMDU2NGJmODIzNTM4NmQwOWJiZDQwYTMK"
"187","Yzk5Nzc0MGIwZjUzMDJjYjMyNWRkNTljZTgwNDAyYjcK"
"188","ODk0YmNmMGQzYTNmOWM5NzBiYjRhZDIyZDY0YWY4YjcK"
"189","ODQxYzY2NjNmOTIyMGQ3YmMxMWE3MzVkZDRiMjI3ODQK"
"190","YjkyZDc5NGYyY2IwYzMzODJiMWFmNDA5YWNjZmY4ZmYK"
"191","NmU3NTkwNTNhYWMzZTQyYjAxYjFlNjhjNzgwM2QwNjQK"
"192","NDAwYTM1OGEwNjY5MjQ3MzliOGY3YjIzMjdlZDg2NjkK"
"193","OTNlZjVlYWE4YzcxOGQ3MjYxMDQ3Y2E4NDcyNjMwMTUK"
"194","NmY1ZWNkYjc5MjhjMjNiMmU3NTMyYjVlMGFiNGIwMDAK"
"195","YTNkMTQ1NDRhYzUyN2ExOTk1ZDMzNGU1MzA0YWQ3ZWYK"
"196","NDNkMGNhNmZhYTFkYTU3ZmYyOWE5NzJlOWFmZmU2ODYK"
"197","YmFjMmViYmJmNjVmODBiNTFiODJiNzdkOGZmYTEyNGEK"
"198","NWE0MjYxNGNjYTQ5YzcwMzQzODhhOGE4OGE1NTM4YzEK"
"199","ZDNjZjE1YzhhNjgwZjBlNTJlNDA3YTZiMTNhOWZiZjcK"
"200","MjYzZjUwMjA2NWFhOTc4ZTM5Njc5YTQwNTUzZjhiZTAK"
"201","YzM4MjIwMzJkOWZlMGM2M2I2Yjc0Njc2OGQwZDk5NmIK"