"tbl","idx","stat"
"tag","sqlite_autoindex_tag_1","12 1"
"user","sqlite_autoindex_user_1","5 1"
"event","event_i1","1 1"
"config","sqlite_autoindex_config_1","11 1"
"rcvfrom","sqlite_autoindex_rcvfrom_1","1 1"
"reportfmt","sqlite_autoindex_reportfmt_1","1 1"
"filename","sqlite_autoindex_filename_1","1 1"
"blob","sqlite_autoindex_blob_1","129 1"
"plink","plink_i2","120 1 1"
"plink","sqlite_autoindex_plink_1","120 1 1"
"mlink","mlink_i4","120 2"
"mlink","mlink_i3","120 2"
"mlink","mlink_i2","120 2"
"mlink","mlink_i1","120 1"
"tagxref","tagxref_i1","310 155 155"
"tagxref","sqlite_autoindex_tagxref_1","310 2 1"